w1,w2,w3,w4,angle
-1.5894120588159755,-4.220168022635179,4.430697572958902,1.5709832783925783,-0.12201045018634506
-4.3368835277810565,-4.645001896656829,-1.2577803315465905,-2.0542006054091133,-0.024545303171962126
3.2171548076448246,3.746242642801487,2.4482634708663937,2.777140341629024,0.01906588235376205
-0.2961600012792829,-4.035138359470867,0.8768592393702379,2.187953759810835,-0.05395297417224417
-3.7255779426671154,3.4303852705251163,-1.8814357578655185,1.5610066514222485,0.23552012494399996
2.249215758061256,2.006797534192051,3.3907542313738794,-2.7025867457148856,-0.14079464891017712
4.692357723889764,-0.23318714499462878,-3.6862192560301033,4.454117165077228,0.07143981227162087
3.5793942559856244,3.3226537798020512,0.08086969344339145,4.235218056664923,0.08661350860084349
-0.4239419502167223,1.0347646938633757,-0.5251647680758964,3.962777422011893,0.1321477518703975
-3.191534946741288,2.753274953705378,2.568261457876945,1.1360207339318018,0.10027931503336718
-2.2962941767749587,3.8722438285372363,-2.054677484649088,-4.126657310616192,0.09103462620766868
-2.317404508142309,-3.27697787393097,1.5135432696930184,-4.686683420926194,-0.15910666792017497
-4.290192227996447,-3.169180917168861,-4.734517887614206,0.5853463926852767,0.14313056869171265
-4.3543460264767315,-0.18592617521857946,-3.8359494811249704,-3.3856828489418134,0.10263747740980687
-2.2818637702392266,-2.160022194487592,0.6920339549855514,-2.9095696847557417,-0.07732804586643686
0.9375774472048706,-4.546547806061515,-2.7533979283699273,-0.35313459028010286,-0.06853026478170135
0.9853344972966891,-2.2868709359224457,-4.910657420254097,2.0793381241947317,0.08261755802732655
1.4183171894811286,-0.9513939759071368,-0.9146078975557215,3.306194396643443,0.041135358418019984
2.2987906156537106,-0.38472466966594876,-2.557321753180771,2.613538631831304,0.05527433554872035
-0.05768720111609671,-1.730809639930019,0.08932095989993005,4.082687945492459,0.05156098992841351
-3.1714387111375144,-2.0974939050765427,-1.9582300639416106,-1.8896203782401333,0.02539009981694333
-0.6690445227821327,-0.5045756560580958,2.180234744984749,-4.666662596106258,-0.14849841054148824
0.11419616940601873,-1.376598473843469,-0.4353326187365454,-1.8062622204706114,-0.06359387211074564
-1.2257708996561476,4.029747101987974,2.3520418938177023,-1.5283971403479866,0.030557310388409628
-2.0827141431804197,1.221545495451708,-2.839027687801301,2.6781712804890567,0.19603241348716638
-0.8737103455840076,2.782834653859946,2.494766900593132,3.6335477645139953,0.10656279696366261
0.8397593699277159,-4.140414084656424,1.4175377154477289,-4.582870456062817,-0.24401292502432637
0.18546828202279464,4.6569340079785455,-3.0659415539503145,-4.030570973824164,0.07792969569070893
-4.838970287005376,-0.07386980736803572,2.616790501632508,1.5322276897567821,0.08178972595025809
0.6729388342817542,3.704803566553702,3.292470767081392,-2.0590883998970866,-0.0515487652157007
-1.5345945087703927,0.9321986916884679,-2.29225707925922,-1.244989791018123,0.07809023308222128
-3.478023769982057,0.6567092953693621,-0.1545542297621525,1.8920794083880041,0.13736370452225724
1.604932841306626,-1.1111552426672064,-2.555879849071736,-1.2517588594065931,-0.031377046540193104
-3.286792106356393,4.700487526758717,0.18084701364662248,3.0094105502041284,0.2403520704371693
3.269039172755665,-0.9016585523513925,0.8813041951513885,-1.0115493387523031,-0.13474558353357222
3.0863935122865307,-1.9296350506118563,3.5710946311937306,1.6167978564240402,-0.15489611861484617
-4.709135588993833,-0.6036959484631677,-1.6636418109242266,4.021230516170281,0.2175624881694483
0.2171113779071776,-4.24728513524724,2.284943693596553,-0.16158234919755543,-0.15357605679885614
1.731579269421232,1.6190858092176033,-0.4577961166993729,-4.176310025919312,-0.08513349709830152
-4.6330365094260575,-3.8386969708738006,0.24733405539585185,4.5321029028406805,0.11286907524437968
-2.906494155417423,-3.498744327735883,3.1119514101658936,4.714130907198106,0.02244287388252782
2.2651746672969963,4.881715146122135,3.1031592952273783,-2.9093125641939532,-0.07546514179102654
1.7259471155287942,-4.253778154735114,2.8840213016248315,-2.7811442996784663,-0.2587753527014935
1.2562366717253317,-0.21461404595676647,-4.368461592597096,-0.8811247660333388,0.04481080241959241
3.4602843521284488,-3.0909111884732754,-2.4479240093410484,-0.1508969664586166,-0.0945370777270954
2.5026367715457356,3.100488581086264,3.8626147055425033,1.1137035437330445,-0.047801318939309584
-0.37573046986931047,0.7687428987199905,-4.461144767266392,0.23068835239630658,0.1296956997389333
-3.5380475056393026,0.32766711623321143,-0.8353235350926607,-2.201299912886412,0.05554973875730584
-2.0210697269735967,0.10024625005358523,-3.0639791095158064,-2.3900102703570503,0.06211744035968751
2.8693787211620165,1.358849971852738,0.39564815927393404,-1.0973863646882585,-0.06674585051714381
-0.21069786772541121,0.8707272739477148,2.6615949603063616,-2.6068690679980753,-0.09304530859180692
3.991844562256725,1.9506543154456493,2.9670316439542486,4.229361884622229,-0.01730800013651326
0.29517328695917033,3.45078582375503,-3.9023510496964873,-2.8970634206950576,0.09246444812882866
2.123495320120128,4.131903326661323,0.6603078383247372,-1.8672007786823785,-0.0115355691214649
-2.2324997917849165,0.5781915103230748,2.5439537200588136,3.778927337325433,0.08990366487499134
-4.996251915413749,-0.2785352189697221,0.24176591481442955,4.640847296000441,0.2025955128362231
4.96979627108178,0.9010342188362745,2.800875133124638,-2.1043371474873442,-0.19942165184127753
-2.307735594418525,2.177461466643522,4.535643649845069,1.1726226300086706,0.02493724536056999
4.9057167205527925,-2.013096011511122,-0.8301198079392442,-3.558490184254853,-0.2143818468528783
2.2252185505614266,0.46591822351567647,4.22187017581807,-4.0883846826368835,-0.22376789301112673
-0.8902871382618125,-4.389087354657095,2.939495369235204,-1.739070584653506,-0.18171924822853322
0.052556723298538444,1.4878641294150494,3.241780658533809,-4.824845228812204,-0.14736263291621116
-3.6908357921589205,-0.18046181749523527,-0.6990483726395738,-1.3895126472255583,0.06266466000172669
-2.9444215442484367,-0.012766567140404916,-3.403253024125772,-2.3928594371314613,0.0876010792022743
3.233947074215422,-2.6745672148513933,4.637602242080273,3.4785432858553555,-0.15705718322870518
-3.3231682001534057,4.098711031376048,-3.4930060269110808,-4.164238096425907,0.15001438137810286
-0.9284486711890141,4.866351980912,-1.5957546963183757,2.385499667928384,0.21724566702995055
0.9394132457829532,4.9935035665263054,-1.7473155328525225,2.0068978628314857,0.17351786036505248
4.2711814096826135,2.3007238195199555,3.4302084504637076,-4.723588093731323,-0.22498342520794865
4.294006926784162,-1.9306838602315315,-1.936368929465735,4.116474623225226,-0.003818827429438496
0.3561305193762978,-2.1547413650365344,-0.6947990930190677,-2.0429205489850553,-0.08575540756397378
-1.0825044563532895,-4.3686647940393994,-3.904592954318906,3.6734324314508395,0.09537477884630302
-2.326567126069381,0.23421867210323732,4.569156894729497,0.5263344867478708,-0.03293414688464463
3.1906552882093173,2.4895047089629703,-4.579478886869736,-0.7525081913953269,0.0694626692495125
-3.069294877500891,-4.256838156186374,4.774042632604342,0.30697888882288726,-0.12565793383259866
0.3801305511890014,-2.8397958205274767,-4.352791946276572,3.8976753833619,0.11178979906493318
3.2360580129981855,2.4471351632838942,-4.801991670806962,-2.809563974366788,0.026744552149464074
2.4648135314528297,2.6878272531067173,-2.2520220417878942,-2.040124675375167,0.00966469084592478
-4.770851970201252,-4.967041560409127,0.8694162664605107,-3.417437940145044,-0.09962319548474287
3.7782028476105918,2.489819730910784,1.812197971455987,0.35092449189796326,-0.0611034799168407
-1.4715258775361173,-3.315115547091303,-3.294129898597964,1.8151388729330105,0.07257064671057309
1.048081010988903,2.8702278164132284,1.1735650482844981,0.18563215219815454,0.01853808687417738
4.884139699682187,2.0783456928862503,-2.3318956877648587,-4.9829694986571385,-0.12126372928196037
1.2449885916147014,1.178390478241412,2.252572193440333,1.7861261498067407,-0.011845425711264035
-4.725390976252294,-3.7865318325655295,1.8003037849561396,-4.49277533432161,-0.11898266612424414
3.7256209688145763,3.2734374996745608,4.977453870833106,4.077964705047881,-0.030037169665005338
0.05370712621229767,-0.10504766961660028,4.553215801892318,-2.778609722031271,-0.16645734043894414
0.1820681697136175,-3.0625749934412827,-0.10812651088001957,4.121748483644311,0.021894040697098452
1.5317021046194998,-0.8628976359091025,4.308015135290361,-4.117053203475175,-0.24043706842875864
-0.351466119893753,1.0665417923534735,-0.5586911140720883,-4.395171152415365,-0.05374382502435668
0.20612178458162944,2.887915760572212,-2.5851128380838673,-1.4503993641170796,0.08481127666571935
-2.141745169639254,3.133470762320126,2.78193919462439,-3.647287274894185,-0.025644678612426548
-1.6445546483996099,-4.460662359543422,-1.9022754669396083,-4.446204680062903,-0.11911193165038013
0.9736174262626305,2.287985660590188,2.850468926292301,-2.3281058909428767,-0.08587125739794711
-1.9164150229399715,4.524274722475752,-4.637685286408018,-2.2813000404842096,0.19549055536310073
4.626502660586073,-4.143784416607455,0.8057817148526167,0.5746002513118045,-0.20003263423854095
-2.9694060373024866,2.1961023963956814,-1.2431546621766665,-0.6014169304482575,0.12904991478725727
-3.809677974823613,-2.300284561260896,-0.8099308513389936,4.688964032388093,0.15573973993977341
2.3848844674832943,3.1113970425446595,-2.525693215661117,0.830215691348636,0.09072047737935819
-3.7493136568365957,2.1028555476336006,-3.9139766036983548,3.177164336759354,0.2876291143317312
-1.9654405262169927,-3.080411297897779,3.438872505990936,-4.966699750749083,-0.21156762285379568
2.2494171288336275,1.7690882569794102,-2.0052115636555556,0.7471467456479886,0.05048954305442949
-1.8989309980674962,1.2963357051931998,1.9561187605919192,1.7893231913031995,0.0672993585327106
4.9257389877083675,4.997254520304011,-4.118043862015677,-4.8066701535928384,-0.01371357242181153
-1.7322723757894218,1.0386842927835254,-2.1064242517705214,-0.03823412820974248,0.10753659538074947
-3.8152568684964616,0.7337024717689218,-0.45216720262553434,-0.47666533609413,0.10054358237326196
-0.5751332620844405,0.9031082173617584,2.5540035172910898,4.289817665784151,0.07142345839865023
1.3415742368136305,-0.8343185406668674,-4.992757443695352,0.014024252419200245,0.06290864263631232
4.294588469456057,1.1605933126938375,2.9309017973673503,1.4612435964101795,-0.1023034079493198
-1.3221597685674515,-3.4045321382824323,-3.2250616802269216,-2.8176296306411617,-0.037220896002871574
-2.8713107363791424,-2.178057946548945,-0.8233416048533098,1.8308869797600549,0.07438847498763472
-0.856711954661165,-0.07734172900207881,2.5239568503884513,3.827315761109407,0.046282869697334264
-4.500374203167079,-2.7227548996546624,-0.6082997520845659,-2.792851329192211,-0.009042939413227327
-4.1653006113414985,-0.5942519834549733,2.0454722132685257,0.6997875630759252,0.04945253283764278
3.294534189486356,1.0048394187878866,-3.1119012234884402,4.933368977984802,0.1279016762394394
3.842844843618174,2.84627659013848,-0.17209772161673964,1.5294914643826028,0.01566713183376997
1.9032797868696862,-4.185698930424424,-4.749610874809628,-4.5144224178871175,-0.13008422800825775
-1.0879429330443715,1.3129458043365574,-2.629087833967315,0.05841401293280146,0.11307534631735656
-0.19107889994705562,3.9867828076849996,3.35145314195651,-4.99652322215824,-0.09266921458850433
-3.0679656988964474,-1.4006812719733883,-3.1476286463876613,-4.374975474333555,0.009776391088381473
0.1309730105915925,2.7388777611583537,-1.8888881340022436,-4.271403005719873,0.005008663974425143
2.905549038900835,4.699115208991023,-4.759127091064926,2.2001876314779567,0.1945084642807349
4.194509341899046,1.8482504204559032,1.32766789087135,0.9371069608326525,-0.06081821892181868
-0.24114569572058464,-2.4539748994824793,0.06495769488474679,-0.01013287098473814,-0.05084266154736399
2.639577014837692,-2.9355373940577656,1.8413621187378837,0.549882473147485,-0.15259097898857463
-3.597926148160926,2.032548564623543,4.3389397720466025,1.2026738942908484,0.0554268630006381
-3.8524433730894616,4.076836857636463,0.3476176416886041,-1.4950183248787932,0.13525876142574508
-0.4054887322411913,2.679709863974324,-4.874491439162375,-2.3122918952087144,0.12549773644820392
4.789801097633653,-2.2214919196371143,3.91537161680645,-1.1052497699851216,-0.26737587564582976
-2.340987156234192,4.11262422434196,1.8101656152419103,0.1602038327813018,0.10674776884701209
-3.0839442183078445,2.098933231566228,-2.237122734896033,2.9322350585506394,0.23004967207379434
-0.9013778574915552,1.1374035568588887,3.722285829078796,-0.3832405469644309,-0.04592766581539519
-0.6818560004524619,-4.989468607485144,-3.9862751480644407,-1.6115652178425508,-0.042953392818017626
2.6327074884541535,2.4230078604313263,-3.0052243671576315,1.4250829388651054,0.09379128173333134
4.47601634187216,-0.5508092690712632,-4.5236266855054446,1.5848421914444106,0.02403651702236515
-0.8477798891610817,3.3506344231610523,4.378939416634264,-4.229873979772028,-0.09800886853520353
2.3358136130462794,-1.892147844947937,-0.20807959218498517,-3.396135002120839,-0.16480037484289045
-2.8446531770958385,-4.024108612354959,-3.9728896176080397,3.0461454739093465,0.12976843680573924
0.29691916580675226,-1.086797815776949,-2.9066326140639145,-2.6516116090515087,-0.02508213281269546
2.1514052769434624,1.824796836814901,-3.8579904700618792,4.495760069605383,0.1783809355453045
-3.5350979626724257,-3.3188702659130986,2.8363115690984886,-0.5626513178349608,-0.07072744867053606
0.17378261530775685,4.997485695445523,0.6606225330023534,2.90371244089357,0.15703984417842184
-3.972597687011051,-0.3622761449213989,4.175666100516887,-0.6901699553652243,-0.027900322528721305
0.6619175141989135,-0.33469341483505843,2.2379642387543752,-1.6550512361799186,-0.10865836453262814
1.2655273608963045,-3.5268335307881626,-2.5070464322242247,1.0955660979234603,-0.026438852478595162
-1.317865574953485,-4.479171667567993,0.7266645418623892,3.3026552690513764,-0.01300700812056712
-4.067877543075317,-2.8358817188746377,4.332985153705719,2.790701509863802,-0.006895284880916384
4.950484217432924,-0.7806221119828276,2.2620632665081564,3.729819913101915,-0.09474110406271095
-1.6396967385129613,-0.8960969607907829,2.62716327082636,-4.492496408623014,-0.14169022003838214
-2.9935489256640793,0.1653169881410843,-2.285048102772108,-0.532061128847686,0.10915228639399079
-4.56931582434835,2.0963684342372604,1.723690821900603,4.574572521433613,0.21147924351374714
-2.9481330852345176,-0.19867515513406797,-3.3050811206171806,-0.25849540092922485,0.12880096999529791
-3.747877953311962,4.6690963847900875,-0.3201645539336688,1.2500556562467544,0.2219376566284994
3.2814847760995978,4.3570469663100955,3.9060171013663645,4.893405375609829,0.0458433436545325
0.3393110486548645,-1.6907704698051216,-2.09137033809508,4.346172726484324,0.09794358991376485
4.349048984534619,0.699688641804963,-0.9459836870252403,-1.2298812622259336,-0.08740573150956334
1.4097034235117958,1.2054359560417707,4.9780931960602555,3.333330966609566,-0.041089548820460335
1.013511275839683,1.345924357791323,-1.724923768854505,-4.802691516446797,-0.06100788145868115
2.43395596107535,-0.32024099607081524,-1.0979945628248777,-1.0487925109881568,-0.06011099789576543
-4.983627649592087,1.7291581779183733,1.3403218032541355,1.7738393775111145,0.15880674226149868
-0.3015688553262619,-2.5482389489866195,1.510037137141774,-1.5883742689091376,-0.11877958888247264
-4.712136533000671,-1.7416881694314865,-3.568589761353186,4.5358282393896605,0.2461081414291563
-3.4634858127197687,-2.4172873186019195,1.277344938542731,-2.5449837245737195,-0.06169178153330226
4.637608488197708,-4.10507928713041,2.152423615464798,4.5368632337129515,-0.1412944034906659
-2.5660827930071206,-2.3786936061405717,-0.5315991898597092,1.685285370147236,0.053428305486077646
-2.58418220883871,0.7853911646315019,-4.745094884221492,-0.02432452475041913,0.17978541628758415
-2.0046557282216515,-0.7867881357902293,4.233925371778703,-0.8922207310689609,-0.08685063356480537
1.7004690148034642,4.227540585637048,-4.381400171308298,0.5802876051476593,0.16641687438421204
2.3218657183425995,-3.5322477651354536,-2.5039563157708775,-3.585240707467924,-0.15411995278166887
2.2441378135555023,4.710188586227556,2.299393983865409,-0.6718883908416782,-0.011227368934111866
3.3272036526806144,-4.723811649810897,0.47596593388313124,-1.207730670201952,-0.21632693125725766
-4.716059097488205,0.14883122818226013,-2.968625878597094,3.1561997645314985,0.24421591041775684
-4.0489122574580065,-0.3362119576771949,4.917294741110306,-0.6272692831929616,-0.04070808276716568
0.9137850488030494,-3.8322088487911596,4.9961456591805895,-1.690921958460355,-0.25406803367189235
-2.6905292404634027,-0.03702293008864377,1.223035468914107,-4.427292273831683,-0.06659603183046736
-4.228312801793796,-3.3887216867775116,-0.31676060595389366,-1.1412455709525302,0.0003356922226143766
-0.5680363696134201,-2.9757587510958805,1.480082975292194,3.5045347835172187,-0.008517123850165245
2.2446561200297586,0.9083664252501702,0.20636715392228666,0.45594063535644747,-0.024149249185453945
-0.4846262581309144,-4.786785569956536,-4.0545524634421355,0.768946266518685,0.011585320403004395
-0.8825972691100761,-3.385901532899976,2.940121248086294,-0.7688370992445916,-0.1380502802471286
3.2586620435505793,3.870924473490012,1.1263684430085679,3.9014023773118893,0.0752732525387279
4.613139555505541,-4.074841638460104,-2.5397595454526014,4.915976623910058,-0.0273832227689552
1.8049684023396741,-3.412744759045573,1.3262506721104863,1.2737356365630426,-0.1171161821540598
0.8717805503091922,-0.3352230063757835,3.5534812783347025,-4.274366924166547,-0.20077448353747174
-4.998944505755643,0.10119150043174052,-1.755317871886899,2.346936681554337,0.20449756799174712
-1.945476978707965,-0.34906857426061233,-2.1138621695542517,0.7322119121956661,0.09872183302660602
-4.504764258579582,0.3744560102731489,-0.4586030210902736,2.3162322134095827,0.17009012229672418
-2.1228709449637906,-0.0854083269883148,-1.2820579847995406,3.6990428608457204,0.15596807696934972
3.939089443521505,-2.2781324404554915,4.475229808554282,-1.181559681823674,-0.2638669194301101
-1.4825352703560024,-0.6696692900127044,-4.7763512509131365,0.9660507084419878,0.1456726208821872
1.915904913790393,2.728839674814618,4.439395957997043,1.1298320708167084,-0.055480647247913545
2.317306324108827,2.230970821458433,1.6281135515273837,-3.6874946573578593,-0.12004319358968082
-3.4373215743067744,-3.43915517572556,-2.120914065400595,-1.941146863739851,0.003954080005376852
2.383700512432765,1.780221251836128,1.373771344632674,-1.4682658176075005,-0.07656703161859581
0.9877050821221642,0.35615514478865595,-3.9174845106645604,2.074597540216459,0.11912293585661136
-2.309159558210998,0.8296984788246595,2.0108230688266158,1.900877169677825,0.06730915861970815
-4.089335993859226,3.661720457466238,2.5987032180978398,-3.0978441696785275,0.045655756967757706
3.6404405651541403,0.32614027114735755,2.5848158521000073,-4.678676227696977,-0.23506205275119485
-1.132978964958494,2.33269899016088,0.1406264391508225,-4.275698548068076,-0.02112548960221164
-1.8142865525651164,3.831644878287735,1.4880079949650407,4.121735555956592,0.18399242204098673
2.237380138978815,-4.228879884561854,-0.8778818000260822,0.5796123843229175,-0.11130590753759266
-0.7643493379778477,3.3921806130803844,1.8177518353477993,-0.46171660165155526,0.041712478090197284
-1.5209519858675469,-2.172324584304665,4.804368094827897,2.8740267843621687,-0.05737142019784102
-4.735559285697384,4.03469558890375,1.7879239936874667,1.5502676096399934,0.18961329979008135
-2.984123882537114,-4.353045853568977,2.1731340849070406,-0.3651847828756427,-0.0868275741958788
-4.23677857963598,4.11605872845047,0.6919199760262273,-1.8497504397799513,0.12913704205067272
4.65712685240916,-4.3386568353708626,-1.3023828939718465,-1.23868865472472,-0.19849087663406437
-1.5068816686100006,0.8967354651683221,-0.1863631394438805,-4.314917355116245,-0.03833193515320094
1.225818347839179,-4.953504971824647,-4.350388862117038,3.406012102270024,0.035046169882738586
0.8340461462700066,-2.220267186850493,-2.573375076217296,4.5912253453820995,0.0913397130773088
1.7743699047592845,-3.373441584138642,-2.265026500375038,2.4759480501491176,-0.009040820852750464
4.348201716862134,1.6063007480590343,-4.390879194871994,3.4931540424617182,0.11426960596734695
-3.46564975330098,-2.6954096724487,1.2652541902623415,-2.7825926488104837,-0.07283570573823436
-2.383643042439444,-0.8000991833743107,3.784009161679805,4.131152244129327,0.04290415425588123
-0.7907161759681465,-3.8443535748646096,-1.292714864048624,2.4652005176460987,0.015650621839961333
1.9008463533333178,-1.0952142047863656,4.970288378940921,-0.3063440709741716,-0.1838376224007728
-4.748393312798777,-3.597166492794037,2.019257088553755,-0.6723893724157817,-0.03423154757699548
1.303844038132958,4.148852334922648,1.6848991892894407,-1.087278674871801,0.0016184540584099595
-2.3500497436326584,1.0563913933067752,-0.30256412912919917,2.18389458571198,0.13095333003956916
-4.924572385368153,-2.3141056385723315,-0.4523579681843346,3.2956602077863906,0.14129966495036772
-4.704432706110634,-2.484462652075284,2.2161326888966393,-4.499211671748161,-0.09989720681354335
-2.4637610032928037,-4.426712590807847,-0.692357761887398,-4.707547768185915,-0.1328475909736347
1.8197128903103774,2.1345875605680567,-4.640130274998839,1.167350993628867,0.136052354197453
-3.706933670893907,-2.2659421054456095,-2.793482320637115,4.212505800667893,0.18771065970562903
3.2371673056037977,1.934110028164632,2.0606109192130777,0.5379254616514135,-0.06279428300001845
-3.7166503661318195,3.009570832207814,2.6281165248368508,-0.5558825127787292,0.07871604801609008
2.2362642165812296,3.998890477766416,-0.7741743616206893,-0.3380747692083208,0.04886057452439011
2.286540576733759,-4.4383573537406695,-1.158353692107056,-1.382984668231726,-0.15443397570220221
4.803636881873903,3.0148590012163794,2.501096634668638,-1.7803480471607491,-0.13489383472193137
3.300267672668097,4.413918022113309,3.560733291136561,4.30188178229656,0.041217752013449134
3.6681872132277977,-0.5705127883486654,0.7650438195524831,-1.2429627197320583,-0.13881570090802234
4.528232076953472,-2.9459361534528448,-2.884674347424813,-4.9265764838641655,-0.21146823037434823
-2.216817196364836,-4.005297639851239,3.386575968953,4.101088693571366,-0.02386594930817859
4.893624960719796,-1.184550782642658,-2.3866240308387843,-1.668611437302018,-0.11911473666279307
0.5311490725299359,-3.980029244296878,4.05855072917176,-2.4706505827262237,-0.24534176952721773
-2.4410482845385917,1.0372153276697649,-2.1969865311677017,0.7654842576953866,0.14312743113492102
-2.3146559699775917,-4.739435505313679,0.9530651451059899,-0.5021454140626904,-0.08622200210010597
4.584149068940889,-3.2430726707808377,3.14957728846648,2.5357855453543063,-0.18757807739630888
3.000080058312035,0.27461072742709014,-4.798812813037813,0.4234711052592566,0.05548476860915833
-0.5385888602593063,-0.6310964569910809,2.6130928190868,-1.6574315649652913,-0.09695626623964149
3.868721905644767,-4.0614065952802925,-4.741732370282775,-4.334010286497279,-0.16716458704754586
2.2755830586761006,-0.22516296202824382,0.04752777629962868,2.9861506888703406,0.009730597597030401
3.3027339526749415,3.0257978284874003,4.860924305372048,-2.109370201461619,-0.16104956957824906
4.157575880368057,-4.933130704929251,-0.6705003071540041,2.401756600605191,-0.13374332616751364
-4.6575621253093855,2.090268476047374,0.9613565480164663,0.7626061547149456,0.14553511573456088
2.9968730029795863,-1.8742270224465951,-0.006005541428566019,-3.5856278970884095,-0.18779383069080055
-3.4134995880582544,-4.787639585334906,-4.367817771067681,-3.0740611289677746,-0.0017862967817054453
-1.0746082988413064,-3.744641512454078,2.37227295850688,-3.020079610901166,-0.17916412851157376
3.8300058086934143,-3.5368496772550895,1.2784339297574743,-0.839039032450807,-0.2107628544034841
-4.435558524676023,1.4178043172506163,-0.7260855505716002,3.430770189132641,0.2224493018140196
-0.7399543069972117,4.763674031251497,-2.9020897652388933,-2.259687410568775,0.1365784598426406
-0.5944122068152415,3.5883459898291807,3.894335714942306,-3.6877340118699067,-0.0755402562259509
1.4997542856890513,4.66446001476433,3.210894628198824,-3.9441289807905546,-0.08867373066475778
-1.1269068210862168,3.7679391020806747,3.5278545692865872,-1.7926924240208866,-0.009460023780901824
-4.846245165312829,1.7442190154924528,3.2585289449275017,-1.2480732149585814,0.046308044909315525
-0.10547935193446278,-3.8504094081102815,1.760768037437833,-1.2992614964973193,-0.15122132422468826
1.2433017056632334,-4.500261101336813,1.2922509770490045,-0.49122316170094393,-0.16726748768333324
4.4927216949563284,3.9288651426073145,4.086214263539052,-3.344098132514628,-0.17764819885339322
-0.5941807200868059,4.18398140580814,-0.9875930039078025,1.8612118156150874,0.1694881543426186
-0.6905072788401849,-2.1687882378127377,3.7232961182548934,-1.2755435079224533,-0.14393601300333111
-0.8314270014808685,-0.09205659133994626,-1.3656298806863565,3.0382171830377676,0.11429372164144548
2.5445214941653784,0.4886570812573021,2.5668083653511164,3.5256747908525945,-0.02437773305347996
-3.838879046165522,-2.9075154466414688,1.7298110582346693,4.852438337928618,0.09008868620484449
-4.327935899214164,-4.259126614588851,-2.9811449542781854,-2.933947766117806,0.0025779216174598575
-3.260581086465982,-1.2803965669551287,3.497067973356083,-4.617823139518155,-0.136326813185853
-0.2411772825215861,-2.4625727319694493,2.470500173171488,4.000455531138098,-0.01536533536625008
2.1302960293114195,-0.788962248922644,3.787672047672345,-0.0198023895104269,-0.14948294923148525
0.6267146291238728,3.0218892087591094,-4.227254701593881,-0.7682168675269674,0.13009360919338112
-3.042834315393703,-1.292246008378223,1.2202841589384903,3.3838507307075467,0.08698121952854526
3.46905614496983,-1.3276515697316427,0.7760836742585386,3.879583592348901,-0.03762683992469135
0.3765969618399714,3.0403232718297755,1.2057049624970828,4.358690031861597,0.12926025287454043
-4.660342942705409,2.21602675559902,-4.475791789592675,4.4707804391278145,0.3516209317116649
-1.560274038814108,-0.6499419548887211,-3.586154276098086,3.6600603441455775,0.1812565934259789
3.12066565462586,-4.489208816772593,-4.337335130753753,2.862422633313786,-0.009113704607353652
3.4864121680113254,-4.741398389386263,-2.7448257786593864,-2.0027374855433253,-0.16634938365070062
3.3296402279728063,3.452046616847589,-0.2789771770398364,2.7514645441753096,0.07006329133533175
-3.5243754599204777,-2.7935725675812972,4.4228367369094155,2.679301940809532,-0.02250515341690451
-1.5066034028260789,1.9593932038504036,-4.509822929394808,4.648064218373278,0.2805307500987682
-1.303719885189627,0.7185276639527771,2.0009497671218,-1.9661406775058299,-0.0432187310107828
2.6189901539270535,1.0485448129996549,3.805069310551305,3.186526181731475,-0.04864418821660509
2.0955899754797622,0.6568858985329467,-1.238121389653105,-3.8680572273488267,-0.09041422032538973
-2.891095363356686,4.643102530957709,-4.713283999319047,4.007652323010985,0.36122520481432063
2.628728105349241,-3.5445167863424865,-4.988954708497383,-3.522014863286139,-0.1045845565884552
0.8101685214308372,1.612169171412119,-3.226178649389513,0.8807867348564695,0.10908813409393922
4.097554312806558,4.935500495717179,3.8852285942763203,-2.1148044378484965,-0.11471304109364884
-0.17218928398315825,-3.7406394420647993,1.1904150463769128,3.64565206860836,-0.024738069685559864
3.00054679420216,3.662445357106767,2.2613789323947415,-4.711674060662974,-0.14024787622562462
2.1343847635958078,1.0272637996751772,-3.0090582323909354,4.162356997236422,0.1347620947934828
4.587584200243535,-2.3129193764197185,1.4123659492504572,-0.2873634283823181,-0.19111628787324508
-3.6045087357245786,4.808269682303937,-3.920893240800175,1.8043686313418403,0.3141786731149007
-4.20415825712616,3.9161337551701063,4.441141616477394,3.2804912213966126,0.15465870260478856
0.5801616072891456,1.0124938671055697,0.4324665128660419,-4.907799464463205,-0.10906519372250717
3.498357478134114,4.814932471638464,-0.6186952390445102,-0.38528789177898126,0.03444405201710842
-0.842075627503923,0.5568005402886236,-4.182135784352736,-4.516000896850492,0.023666912339884265
3.3688969918902796,-3.9932389764860323,1.0791957847484213,-3.1809383740074217,-0.2582726694918257
-2.413374471805655,-3.3272845001051907,-4.816105039538636,2.3718517217219306,0.13942326073246733
0.788755765541838,-4.266199780461908,1.75160560260891,2.2994073314922217,-0.10015897371378744
-0.626983174247334,-2.011408944541163,-0.04523214820583554,2.871374163319489,0.03404845647181102
4.243477309506096,4.17966636652347,0.30592946710027924,-3.10797388211983,-0.07728253982672743
0.508108563769925,-2.4183855894569906,-0.7360376028233429,-1.7563247037451681,-0.08770625009219427
4.150199121260311,4.661869902645087,4.257178047501473,-1.7059750591664358,-0.12114405167295851
1.1906988837499703,-0.6803286442404914,-2.3871790068533905,3.513330498997039,0.08954404395244374
1.1968037462091274,-3.639945327766325,-0.25653967731875404,3.8756924253178227,-0.015655932696419458
3.9096915124481253,-4.268050141777904,1.6776690349564198,-2.345132941096282,-0.2711231917839718
0.5279833304110166,2.6826855163037564,1.7620937636222678,-0.3620149867754492,0.0006798541221116228
-3.132520974608589,4.426787109039163,2.1003942591877625,-1.6443002838019694,0.08476918979240045
3.3525648536192882,-2.740888876168258,-2.3809460434696317,2.0364053250485457,-0.03724671913931932
-1.3607110541048248,0.5654325601146564,0.9210146050386916,-4.632863573107892,-0.08061632364282453
3.4031314032214794,2.303854482611671,-1.3729040742660037,0.41479894575000564,0.015298357764582233
-3.634317799581712,4.226449546286272,4.842450514178484,1.9261392175064493,0.10987680109324334
0.57317393865599,4.2757441634643385,-4.8373855991526895,-1.7095899525765343,0.151785908252989
2.6446461076162002,-0.2370480710697631,1.0897406247368178,-4.424535603591071,-0.18657712015586342
1.9482336227582229,-1.1825967973948415,1.034821505214354,-4.94126736787496,-0.20237598429427509
0.3593610650896846,-0.5331867088681976,4.315048671098491,-1.6367740259762664,-0.15209712157850314
3.108085391265524,-2.88146513634965,-2.9972893044621274,1.3735643237640316,-0.03597104220864478
-2.617142817840702,2.8884322066241523,0.5509849191821701,3.8706465357559736,0.19611636980085909
-2.1217965070391243,-3.620360745404436,1.3347517281902386,-3.5241550667906907,-0.14127713407436093
3.837235486960603,-3.8967325120282084,-2.017063775640966,-3.807811870428719,-0.21166035763947924
-2.438839368938451,1.6597476970798688,-0.5747718945621161,-4.258226263253589,0.0092251710517077
0.9677891283631901,1.5303301177499176,2.905553788577353,0.7913807478168264,-0.0344807122527511
0.2390958597534567,1.5270569409420318,3.70828118502239,-4.306419777250098,-0.1494831084685314
4.31624136608092,2.3695901452750583,4.257304738736563,-0.7772511345474884,-0.1551379354242203
1.7074290430854466,-0.2664495502204156,2.025461380746898,-0.11525292463827341,-0.09143539774868967
3.045956613409368,0.1800368029452004,1.445950418902365,4.235395138356997,-0.0016994464668785626
1.4439914387266874,3.477814506845519,-4.850120311653773,4.654317052759753,0.256405787389608
3.4182695249921817,-1.9025099497248754,-1.336370568943325,4.224781649812542,0.005341616534195772
1.6905139864331336,3.8035783832790475,3.8544733155486064,-1.6999706311870302,-0.0764751011086605
-0.49282340585043993,0.5144617388468866,-0.8314250970636037,0.2007310582818569,0.045320917778728605
3.4739361956118504,-0.5319419414864939,3.842948056235107,-2.9306579868916693,-0.23954409289389159
-0.196902363665588,-2.2738390985691304,-0.5057285597475065,-0.08423542019210561,-0.036787635452180924
1.9898570085597855,-4.665929086636781,-2.7923117156219046,-0.4943997128655475,-0.09684164649867132
0.2154179156858982,-0.11641373460387872,-4.220320912623812,-1.6333670844354464,0.05011382617552419
-0.3815643568676963,3.992980407224767,-2.690947099185421,-3.2844878753422413,0.0840223108430143
1.6682320633915104,2.477917886413495,-4.5835959537164515,-4.575972605593602,0.018162426025440766
3.4085967988242096,1.8784138887707416,1.9622583477677544,-0.7702969441529328,-0.09472751559942567
-3.1785882535472796,-0.3569752525589358,1.5002188506282854,-1.475813305853574,-0.0034315367887447937
-2.0590466746950886,4.197589762113578,-3.4283718294383627,-2.4663181316352323,0.16041533632470661
-3.993980964045604,-1.1931227517756393,-4.074271622777326,-4.965410937896955,0.042438197714451904
-4.111069793791772,0.4440384497608978,-3.0738766671928186,-2.284506792816993,0.11876618039841103
-4.040840227591306,-2.5114149830339527,-3.14304494052716,-3.411626495512401,0.028018748657158046
-2.226567231396394,3.448001766288577,-2.56777674027989,-3.152119979796554,0.11311612795929571
-2.742622662823293,1.2883814459330765,-4.97844634041726,3.065423802721405,0.2683305389310008
-2.2378492394610627,3.904499874273812,1.9331806093865511,4.701426306651367,0.19801321802221533
-1.186360300305993,2.680145693795768,-0.07429431284627341,-3.196054947456395,0.016549896877592
-1.6164906059120576,-3.8626870775243805,-1.009721711640652,-2.389029822053099,-0.08056676848943933
-1.6226479052985088,3.2481369448928294,-4.656758735656894,-3.552528156237058,0.13277812065802608
1.2044667061526457,-2.9714454009198645,-1.4853398726443068,2.498876203056289,-0.004259911808264767
3.9442756581415512,2.545531192391315,2.1067749146379198,-0.6869737489295078,-0.093166513984837
1.1609882477879117,3.991043416508454,-2.1993677820198174,-1.845356449866713,0.0707570333527477
4.784789336500289,4.092739324994039,3.4804844023851764,3.774479547496526,-0.008845663697664428
1.463488488489288,4.5766594261361035,-3.6600579154438098,0.7027161656578338,0.16613211152774354
4.554514884116861,-1.325076565150487,-2.089184911323465,2.5970568675381935,-0.026518881564570877
4.856298602497159,-4.567946131153033,4.421774071585958,-4.050577147129342,-0.3977021322747888
2.0283815985025218,2.0710257411389303,1.7848749686274301,-1.381543343806749,-0.06941720377328381
3.632362930335077,0.8225671963012289,3.546132502809824,1.3998304583794132,-0.11013550618809465
-4.112703398693299,4.6015642106196815,-1.9901849569846473,-0.4873296291617102,0.2270471763807982
3.5610679582422105,3.9080923124609583,-2.579689092497569,-4.572793025306348,-0.03657954619088959
-2.370329346787743,-0.9489326851020028,-0.9503363184469933,3.1083706829965436,0.12178008140287283
-2.0819275830715753,-0.17004325251277663,1.659354830190921,4.8558487282454195,0.11351951619140663
4.920861723441389,-3.2101625308889448,2.636880991534385,1.2378336691836083,-0.21177936837069133
3.8016721599012726,1.3764541860263932,-0.05064887754933611,-1.8985542302307588,-0.0949582961456956
-2.8108883989132027,-4.9604244399470865,-4.399318432200331,1.1322282824806322,0.07515579274771288
4.4325970816763895,-2.5245018995556325,-0.8236456066487268,-1.1888489020307347,-0.16271782836920068
-3.1419811859660776,-4.186158788206803,-3.4241298210150193,-2.629692022948414,-0.005549773426091562
-2.506632765681701,-0.5728475015619896,2.819148288614234,3.462992384630981,0.05728065244747686
0.45224376196950544,-1.3358151232624325,-4.337992524000089,-0.8755337587279453,0.037208886223115696
-2.37428021122273,2.5794715271844044,4.239460396676643,3.918279569480834,0.10294602024914058
-4.5540044855211566,-4.119602621059474,-3.9975793726555873,3.8777943508441233,0.1846616797324754
3.0253617616774893,-0.6049145025747844,2.248106789970202,4.568033361573248,-0.029118882058871753
0.14707256386171608,0.8032436993902099,-3.9870743802504336,-0.34793403222737673,0.09545136630114558
2.094593346334774,2.2354980669514664,2.1242009997394398,-2.4721371866254893,-0.09900963257218305
3.369396280714529,-3.432559126381891,-1.055991753174287,-2.2431284086079017,-0.17753537916733414
0.033004707896187035,-4.490313749900721,0.2298287129366159,2.87475929933429,-0.04174195269776076
2.834588520185264,-3.473038268825656,2.641055076999929,-2.6542020057268143,-0.2578418638163925
-2.5168475622746445,1.3763954515237788,4.90481801992658,4.39344958278806,0.07515276837022009
-0.04143640221103784,4.927219999100124,1.001379283441878,-1.6717148670159232,0.05101249446340802
-4.9901597066606325,1.4703189446496499,2.618727828732758,4.738294079121813,0.1906676644822075
0.07098013644836865,1.1947172287403198,-2.2402807366323376,-4.845323418580911,-0.03291790199236938
-3.7050661630161255,-4.890194493976956,-3.969814049122664,-0.7011950241441358,0.04629979320039327
-3.0686658097126642,1.5443410504838528,-4.479082080790041,-1.790878605987467,0.16224911855553537
-2.3767379581383477,4.411875935094455,4.641203358028697,4.262110374021347,0.14243379798278785
0.907674143336993,-2.5534831137621596,2.694574111526892,-4.884089540371801,-0.24532935353328547
4.291930847004307,-0.2056225364303792,2.0920723817862052,-2.9426569992863403,-0.21182850587793847
4.947747335512863,-2.665106761057938,2.832634804837225,-4.308410719171415,-0.3278644360128765
3.0916403180335656,-0.9448317833955073,-3.428551246432945,0.30138149335848397,-0.006811985814169866
2.848458061221228,-3.8598332852282926,3.6859128742744414,-1.1516976144895272,-0.2565755963380776
-3.163795632936648,1.682234253227656,2.980934707245315,4.091511468878293,0.13236903661771737
4.880836472584093,1.0235345286578026,4.5787088934546,0.946333006275724,-0.16643728513567038
-2.213644483523296,-3.1110185190383643,-3.0423499526103095,3.7435381983478297,0.13085586923206827
4.8912481506249765,3.10943268725857,2.320419363526516,-2.333499720748308,-0.14301632328091626
-1.0863549020205965,-0.3846509325166334,2.618463824533478,-4.8269815488165255,-0.14986092008546759
4.746826630572022,4.230715370535176,1.7435216630174954,-3.2998333091892462,-0.1235436940498575
2.2143238136495,0.39956747932683445,4.505216651080941,1.2436787633760629,-0.11280653826727877
3.50296419111201,4.429811461558767,2.753203820626016,-2.854002767894488,-0.10400798484608328
-2.8832787537171334,0.8732004582123114,-0.9750553932605204,3.6672717277266713,0.1866401407314808
3.1058133532404693,-1.668383975303688,-2.1542899623167164,2.8843365638658707,0.005876204391965106
1.1410972682414222,2.5222751861822337,2.0097456560852187,-1.0774312166295017,-0.037911087883864644
-2.3562693860247528,1.3424571189422423,3.746669510533673,-2.7617169021851984,-0.06243688683893058
2.2230852702599453,0.5053076049766432,-0.5608910428533349,-3.193572005598788,-0.09667685840063901
3.324854537676673,1.7266808136748768,2.3098008094827573,1.8099528070426931,-0.04662270503204134
-4.5567287957030445,-4.695624237397831,-4.403003390978304,-1.8066823533799035,0.05460945768674698
0.045790918026991534,4.3830752566558715,1.924963084893979,4.353435521441078,0.15035015055946624
-2.6485218062209004,2.959683288599665,-3.7307679544262493,-1.163789810970842,0.18167073862835495
-2.5763224098376436,3.8512654454043034,2.954141259482329,1.2714758953296554,0.10544272202420608
1.8172869674774024,1.9089500792579264,-3.2720375130451576,-1.8948584022572232,0.03264093827929908
0.39121094482772545,4.714919110015677,3.8392061660274948,0.538660817923259,0.022736951490749214
-0.011974919870977985,0.9018037246496977,-4.832047753880474,-3.612455505568062,0.0474082420629575
1.097936678744854,2.6805338140443684,3.617640245826667,4.877409846590934,0.06316370524586182
3.6288854862520346,4.535990245700274,3.5712353148635465,-3.8814974826749618,-0.14545840084645043
1.072058882945365,-0.9874872611245955,-4.137421345700673,1.7135416933915728,0.08425370877827301
-1.6076301212814892,4.705523843799051,2.2636792786142124,1.4577427304549637,0.12238260926491759
1.9794339011353577,1.9396049186276354,-0.3188240824819646,-4.228942584453431,-0.0877766107662042
1.6151925278314492,0.11293187618081468,-3.7024995349913237,-2.4894630443702406,-0.006427203578434479
-2.3508256857324064,3.2159468655806727,-4.98463048814536,0.5257087738063584,0.24615804029477328
3.144864934234768,-3.6575937639819642,-4.676919341816102,3.885823459207767,0.03911742450682526
2.214208499560205,4.813042697752621,1.552535714232163,0.4358061404629163,0.032935658320514885
0.5537007181171107,0.4145996138711503,4.296130825133179,3.009421938085371,-0.031684666473194865
0.7262321504337752,4.536563406896141,1.0704240537879421,0.649303487956213,0.07531579312512525
2.616652248111536,-4.479876395774506,3.431033315337814,4.6865334760464545,-0.1298006329594978
-0.9499792845912536,-2.225591742359221,1.269982228939491,0.543825124392983,-0.04448376805143278
-4.731796969974611,1.8240230525956207,-2.167331275695763,0.30070984669990697,0.20053024766590896
2.1615116745337506,1.8014001138736582,2.7902343529261042,2.0197358025031784,-0.025124669135178176
-3.9701351908408764,0.8995090974988207,-4.312315767281945,-4.308554611313578,0.1082978987624014
2.2459825159943883,0.33267244074925983,-2.587487547733067,-0.14283934010632127,0.011807514052924831
2.1507914027430175,3.1327465758441004,4.163100987940439,-2.1790969367394575,-0.11911650559064031
0.17254829648194558,-1.8166166509746304,-3.7711085405648603,-1.3732562474335541,0.009081941014994009
-0.878364317999333,0.1210038146529051,-2.7492413611174116,-0.36301083402710255,0.07523552577205661
1.9665081935112934,2.361095290271252,-1.4848418206887182,4.7437458592431945,0.14718166170426383
0.40477441446574325,4.294576478331658,3.4781199468700468,0.9717125834614784,0.030742104454607695
3.8662389214730357,4.83366010378813,4.242251223039343,3.4052135130951697,0.002897410497131574
-1.252688313922258,-1.126560570507352,1.3846125058612158,-0.32038750053756004,-0.03508605028853044
4.360362736689748,1.8475370271510192,2.9260420115359427,2.6735275670196437,-0.061452003423445076
3.4335036397062275,-1.023688424622157,-4.406856148455235,-0.527314069461938,-0.012836666340779726
-0.04335901894425476,2.8844466578339034,0.45277646014336703,-4.943166365941019,-0.054847492206805085
2.4931460759326187,3.235736372116083,-4.17497719393371,0.7275588004879765,0.1254472509023367
2.2356941692557495,-2.1565083636891935,-0.6378257252585477,3.7235245735350304,-0.0006856052033636572
2.947672066264113,-2.217285454954255,-4.460293105154268,-2.221836970613503,-0.0650333641483912
3.8058796739260163,-0.15110575285658623,1.3669668492001659,1.6850870421604487,-0.08086367186271823
3.995548111900618,-1.235656481880988,3.642547081238277,3.0993620386266567,-0.1283197696976273
1.1201462050622357,3.206654963810717,1.8242912151519786,-0.27892147960008185,-0.000371198577857319
1.8056181324529046,0.8368237996717767,2.1027096169362656,-3.7292392147670417,-0.1511276258774319
-3.4010752392391854,-1.0963706044165367,-2.490652691076911,4.59800525083809,0.20874139059417002
1.3050579775838624,4.622035363307413,-0.6411965460535951,3.0696042864498345,0.1561728492939329
-3.756779436444356,-1.136494585243366,0.46519679918929047,-4.428686789308074,-0.05052441638436386
-2.8795648014069086,-2.4935166772719954,-2.6073140922986093,4.511769559915477,0.1667807061410889
-2.395876695379334,-1.066864812167767,-3.353109632734469,1.0196124150115802,0.1267051984657248
-1.2932765969005375,3.728694838984648,4.390869249161343,-2.5868789923554347,-0.04346170679181315
2.511027812281908,2.0618938656234134,-4.364298107423719,-3.2656391689691464,0.014433888706579507
-4.101519527299651,4.096610767945522,-4.826955779100976,2.3576375171383654,0.34183830203298926
4.0387911428651275,-0.5484528400517785,0.8855817669860269,-2.5858463798943165,-0.17908160288438332
1.7466437607841945,-2.837009043118809,4.773551452289507,1.0406415423997828,-0.18481250475094954
2.651498956901648,-0.3557235978017772,2.4003306520778462,-3.1619405498155695,-0.1904331945910409
2.6812604174310444,-0.17395368038871073,4.829980582993505,4.611818081492288,-0.06829725776268825
-1.8467254860043782,-1.9260327170298028,0.9231117996586029,-2.4859240457497576,-0.0775187350318619
3.219881192644424,-0.5329138885309117,-1.137474923653218,1.7303903402716063,-0.01966510705001137
-2.6069610260122245,-3.5032294469134806,3.9995602499747225,2.1917325747802474,-0.06009102435768293
-2.708692241835883,-4.005046242661454,-4.876865510296632,4.546156919230004,0.18059263174891257
0.6762966571702291,2.9151225167706905,1.7194305271626797,0.22511059920516452,0.016544576258732145
-3.5292025055812273,-2.072808010258411,0.22847617663537356,-2.6892417626012897,-0.0324738543091966
-4.792362582184827,-1.8584937709754445,-3.4275000195653016,-4.089343870297245,0.050489443566165304
1.4872304639575145,2.6722363717287045,4.337609986440752,-2.8660802448344724,-0.1337485405223119
-2.5894750558315605,4.7708747837859935,-1.407450372546756,4.603850210129597,0.29714778716208684
-0.8533418803500386,-3.064509289883789,0.6244690483100008,-2.720641461726734,-0.1234728426571219
-1.7433817157263256,-4.960436808705843,2.686513763078392,1.7896399846470015,-0.09142064158690909
-3.428731299458031,-4.779433621509481,-3.056380474818712,-4.182133930052302,-0.05503235060633422
-2.280049416739811,-4.374614738254884,2.003412821668208,-0.6808907894521488,-0.10619708739189843
-1.9889742725636852,4.554923724628813,0.895844417834434,-0.8437588624462489,0.10676210482026256
-1.7051499744051823,-4.428983613389388,-3.8511150770573375,-3.250048291290819,-0.047172596738170806
4.239395118964966,-1.5411837503439028,1.0022348640993028,1.8212197231352336,-0.11025764467273198
4.894896960840313,-3.0108140205637435,-0.2742351337382338,1.153300784929698,-0.14395944583858056
3.460467788499084,1.7059683483907442,0.8378497848150506,-3.4732653623613787,-0.1347914352729949
3.1971368095202255,0.6816642366638712,-0.4149291204225749,-3.105694412389602,-0.11569417477385294
0.911128075679672,0.22148022192134942,-4.725548135216004,3.7959060633716835,0.1740401409962081
-4.0302310801781704,-2.624310282635535,-1.481943857283917,-1.569575602821065,0.029295312266788633
2.039759594509558,3.490816023060466,-1.075250949080262,-0.19897951350400156,0.051718396980603744
3.963980140362123,1.6458026475775087,1.5360910738367224,-3.2672777308590284,-0.15825658438845258
2.508965694995,0.89390884762045,-2.8015653876254456,3.1544714928389226,0.09646622295755151
-3.0324128503481185,0.7329420387447936,-2.205580148150591,-2.6862072440925355,0.07299395095891038
3.8955017005536074,-0.2826365384889149,-1.8543577303022474,-1.0137573037431533,-0.07416750694407619
2.7458890483211498,-0.748323215055466,-1.9140712209836153,-1.5521722250657022,-0.06960696149908228
4.467075196398154,2.040863260562233,-4.123303995610597,-4.285059068964041,-0.05751037798198592
1.2681959406590115,-2.341534241790677,-0.2622764041768688,-2.246543140196703,-0.12431104263265606
-3.9457269582308454,-4.787083140254206,-3.68950802571847,1.5912578214125954,0.09865354811350456
-4.0561244535606615,4.022316160687824,-1.1927410783919825,-2.9461036769084803,0.14055728923848862
4.127661955502099,1.5872295292329364,4.526204514416255,3.566216882243477,-0.07778711240982093
-3.9653681129322393,-3.994802343666437,-1.1600661124089195,-2.8688732459496458,-0.03862758587277609
2.9373602413337787,-4.672512429151364,4.545763197268711,-4.776481656899268,-0.37626927832562496
-2.1668757524889237,2.2908868255010724,4.024892752764032,2.6341684113275585,0.06815640525674495
-2.764789653422067,4.85134035874969,0.8709370383677371,4.952959964686794,0.2599589541886848
-0.018999775065688063,-0.21845484730292153,1.8488680259823713,-4.6026652194964255,-0.14779974039368957
-3.77232909084783,2.988624439463109,0.777304377962591,0.431083530238924,0.14254961516860606
-2.047893361033567,-3.7765994074546807,3.060596790538117,-3.0357694317354245,-0.17389049485988126
-3.7282788019787336,0.17329232558076058,-2.1746584216895046,4.487895179073094,0.23475832729604654
-3.765315424367625,-0.39029303929560744,-3.634332430321824,-1.0934625600556522,0.13146427234084868
-3.3577131968787133,-3.179331189910105,3.439406451907443,-1.8762629075988748,-0.11416194116750467
4.499205397176615,-0.7402772009117298,4.482058218869247,4.814471467052355,-0.10904598555344974
4.476566019124496,-3.188063561678992,1.006989721179183,1.296836287164985,-0.1638840669959486
-3.5118175153605047,-3.2954103733932327,0.8811586060774808,0.7839265216292723,0.002648334611534748
-2.6706696647522254,-1.7180950202088763,-2.50116514256281,-0.5922848153890463,0.06358788826038028
-0.7895849277185052,-3.6591669272243754,-3.919165686919502,-4.664252484833518,-0.08032597327599746
-0.8938512721306555,-0.2005186371767511,-1.376203652748611,4.494351506775276,0.1458641732106176
-3.307531594021772,4.0690295015718885,-3.4538364245118967,2.057938000998911,0.28640745602454376
-2.691917453018821,-4.012301081092278,-4.141590017528506,4.624408498466154,0.1654581086204712
-1.1570885340231838,0.14003727458626436,1.5869095027349918,1.037901436135062,0.016624838711322632
2.60988370169446,-1.0836437440551947,-0.30657780319900496,3.540544998439941,0.003413230130873144
3.969209610481121,-3.4790916913645487,2.8245611404861792,0.54859465920687,-0.21609483962499954
-3.2731867089692637,-3.667666289588103,0.24246938748974145,1.8333459225170836,0.026586598986855624
-4.417717185021117,-1.2765851839515854,2.876232648686213,0.4760522073117155,0.01646559021544521
4.285415917444208,-0.8196125657380602,-3.1784878237264094,-1.071773545566932,-0.06662920455606203
-3.765205947082453,-3.9847659356741696,1.3329929999948833,-1.8131853270026155,-0.07479418479087148
0.9695948674067161,-3.1463805509449108,1.96940627899372,-3.6854060633034127,-0.21712861690330576
-3.160659739615277,0.9895020930598708,3.9428445338989526,-3.9099186305420774,-0.0822800295947974
-1.1706564021376331,1.6662553474974882,-3.820665267823812,2.814904579125864,0.21049959103521773
-3.560977483611577,-0.15066845636976556,1.2800856502182754,2.2129208754425207,0.09651431672146793
-4.340384840660022,1.3045981683946195,-1.5469465372334303,1.870680621440357,0.20139133706063178
-4.291713779610175,-2.8182752742455177,-2.1280271193254565,2.129300375850349,0.12735035556756585
-1.681310434636829,2.1440478899360826,2.020240820033755,3.554056026477628,0.11909274513370634
-0.8805257040102319,-4.123007038583712,-0.9950552299074484,-3.3885152659437567,-0.1252431415691064
1.6634659417583366,2.029801666746672,2.2553224106080174,-1.436245567944904,-0.07389405007921303
-4.0484544034051115,-3.1326570713059243,3.9888194545184383,-4.164936420866341,-0.1608435231841243
-4.643181036142096,-2.565459416443673,-2.48318652951275,-4.3309213910824695,0.005110816847304509
0.7822910055560728,3.9114316011816737,-3.449675582445125,2.416516672414186,0.1998962855663314
4.4736169091851945,3.623649802153615,-3.9352365371561526,0.020000602386319954,0.06900600072246428
-2.089130176585047,-1.7567619695912642,1.565516792842442,3.319792515914518,0.04636986511257463
-2.084497875862227,-4.090642642728971,-0.07526461924967798,2.2717919782077445,0.007575818457570618
-2.0401870342803563,1.7939305805463688,-0.19477492642347194,-1.225469692315385,0.06229828553188472
4.9287938480157045,2.64524858082261,1.6709810962175284,-0.22157838986827905,-0.09280232785064227
0.40804384312277975,-3.7343900167209867,-3.2694960696969613,0.1303994818303833,-0.01650085129592049
4.7812754445222065,-0.5906310947295079,2.1557993508758644,4.017688031491502,-0.07800039685857947
2.4725622102519047,1.000073291996756,0.13595809219788446,-4.632439397665543,-0.13868636462485726
2.4523427664073,4.493159921521233,-3.7900826542848973,-2.7949291509844243,0.06746601463143125
1.640913091740206,-2.452162501916267,-3.7168596902278317,2.214168244281672,0.04084338535228958
1.8042180615070773,-1.0515959122132355,-1.6900323921752456,2.970855498214876,0.040112753703773533
2.226058474103054,1.5990571256442543,-4.070171090988888,-0.040540658630074944,0.07561397964222254
-2.594541185377012,-0.3252336175843693,0.6575683402995516,4.385622843613412,0.13327471269125563
1.6001019314370248,-2.849820472327952,-0.04475315311338335,-2.4649914800722383,-0.1526702384605296
-4.0371862982994475,0.4268099656751101,-1.1503342811125727,4.35094235268601,0.22145050883940315
4.682896811136839,2.597107012491133,2.4558836904618797,-3.1738829922258027,-0.17145681069629753
4.677030914076619,4.377204922693656,2.6325166023055964,4.402544888936648,0.03267116211662415
1.3637604330065054,-1.2348366915596687,1.2814291081171971,-4.398985895137746,-0.18397804728491374
1.2647794738836655,2.4637273970249582,-4.991272943623598,-1.8784149105553571,0.09581791013798967
-3.905647856007215,-1.3165762034629171,3.9755274221625054,4.831281119512461,0.07655167444209453
1.198116481741418,-3.3260183538640273,0.7017408335660269,-4.677104480789888,-0.2200662255546969
2.0049884605545074,-0.35134124922236865,1.3120794583308149,-0.5226780772578881,-0.09313527211923509
3.9845649655659017,1.9768335132037969,-2.9385346811449264,0.15564473266032408,0.02414328803206989
-4.591751120108736,-1.06163701659862,4.7217459660036365,-3.4889398188657204,-0.10401270403020536
4.669591085564628,0.11824929726127742,0.6428054289658327,2.2000723176089823,-0.0665349977702267
-1.5062930886908465,-3.7419418511969016,2.3768992607031594,-1.5674166047141647,-0.13733254728718622
3.3127064151541834,-3.821371774303479,-1.821145277586882,-3.3419344399115203,-0.19233038559516225
-3.3524579758741924,1.5851271827762323,1.4351385479516878,-2.451363124577836,0.02335741080268669
-3.980894591949297,-3.9464220016282523,2.6222533590201245,4.431432702474925,0.040970042972796564
-2.6127770937871633,-3.2992733109387107,4.1677360054630235,4.778136452734687,-0.0016910171084418657
-3.6055536869964744,-4.940917068150695,-0.8118044737022325,-2.9697298778210457,-0.07762863967273406
3.6814765798153886,-1.8457314731040109,-3.3112374136425315,-1.8256508360930668,-0.08981381056377633
3.792299634133675,-2.8732455611451444,0.06838501203287706,2.1123387688463495,-0.10270203196589663
-2.275813106850003,2.467286399724453,-0.806796816337255,-1.7926896834666515,0.08349348087655688
-0.7012263273660224,-1.5790933187675327,4.896203489263488,-0.7631904975361827,-0.14527246618224848
0.6390274913389113,-3.655402339428666,-2.256789669012772,3.7973912806334837,0.039105580419526186
1.9851241665707224,3.7949524867287003,2.4379137979832617,-3.447608513823248,-0.09057097759218963
1.2990180654928976,-2.8760563661771723,0.32828420433514793,0.527724090277796,-0.08834743434949827
-4.76333330871107,4.1170346528998305,0.05483455479729393,-0.5394752507677278,0.18413462568990846
-1.4301293556204921,3.547760700077024,-4.7525529961431765,-0.40826973120194676,0.20715940712530548
-3.9261643618512077,4.3125349473002235,-3.10975577688281,4.852707528182119,0.3600258358714747
1.3134300336994773,4.2552480658697895,4.670405590310459,3.215437677575192,0.03304111376522325
2.620238830922311,-4.092362412967212,1.5927943221270713,-3.8581104929538634,-0.270300134643788
-2.154640657407115,-4.6562563060432645,2.9439734061433,4.123599793393094,-0.029377539141919016
-2.3058811495390574,-1.6923834962021855,-2.3670468236326316,4.046334667357556,0.15615286987393467
-4.022343872390163,-4.776361314587668,-1.3721326213328222,-3.716922983304949,-0.06886239564821404
1.9742628216261036,2.592627306926195,-4.888921484689278,2.8047844380374345,0.18471267573392897
2.3108289335249452,-4.787823995510481,2.4078925393892536,1.1008400580898128,-0.18679345356299706
-2.283600325993289,1.4116213131331756,1.0541624869138975,3.7965212158762096,0.14305734151308394
4.699436544483746,3.8297634491010033,-0.4222769313005692,-2.558759766440745,-0.06680346512273151
1.3470596919823858,-0.9095226178668536,-2.494771214584628,-0.03271162727492527,0.004566161721343627
-2.054839617297639,3.421295737572322,2.889787461947919,4.504097761909005,0.1575654589962455
2.8244761197786907,-1.62441315130868,-3.5137221970963575,-4.569238038502403,-0.12232011361096479
-0.4952792743028436,1.517504239966934,3.795599150623186,-4.43962146613334,-0.13827638005526108
1.5845945609731293,0.1150863496459884,-2.2748512378169305,-3.335607500413934,-0.05622809942053655
-4.728785603636865,3.6759245184979576,-1.9808265857174598,2.9635428585523824,0.2966462125867704
4.831957320677761,0.9255075299147304,0.9748416627386085,0.9425778806292948,-0.0875269682860521
0.49540419480504827,-1.6400305150114782,0.20945892792688348,-0.5804970581859683,-0.06500868213176396
-4.847446162479856,-0.7075199656434883,-3.711860559137806,-2.7671975114335567,0.1129908721009026
-2.878729466233567,-1.1664858526604815,-3.4634592139324694,-1.2499453126130442,0.08723905588650026
-4.140645243331043,0.4778727119526627,-0.6540868029874431,1.8252097805882137,0.1577292119746525
0.39406597276337774,2.3114870592906183,-0.48359580036167493,0.7521614211247503,0.07007062906697036
2.2135954687175765,3.2362329353582435,-4.088991186129725,-4.503163961191756,0.013521437590636367
1.1144252004654707,-1.141568761923264,2.8961656969819582,3.0972863313014827,-0.04566385173487134
-0.7858869254628083,-2.007686255637251,4.033351948147354,2.6815618714847114,-0.05719087570749079
-2.3064844244746308,2.4298705767497193,2.7263783353251974,0.16519114397661383,0.048337062441683704
-4.488484041826915,0.03667406380846394,-4.794391266152695,2.5904035676514026,0.2646656208764328
2.7960699893887195,-2.2768116490833687,-2.006585047665561,-2.481231227708023,-0.12327839596699
-0.7613311732955026,2.191924912544783,-1.7219012927473276,-3.7417865987815926,0.020741572884578226
-0.9046488948418885,4.290023523758906,-2.9824532266957524,-4.760641076228081,0.07592187931263258
4.221641881299066,-4.367809215149398,3.5299589463241627,-2.270210030321529,-0.3197693349576479
4.729887306702933,-4.1812470997573,3.9465739416011285,0.5473777165740685,-0.27356290292193985
-4.314947910067719,1.7232251788179154,1.7705135566643992,4.1622582008180835,0.18733150517865155
-4.164414027396861,-1.2375010728690272,-0.20203602632799544,2.512667566807729,0.12536925661474574
3.2347451318907385,-1.5934975877346291,-3.7059344046997023,1.8088861038630641,0.01525728419860887
3.0080340344594134,-0.49001570188106314,-0.28555217949887535,-0.6641739583395889,-0.08614825589291535
4.135081156533662,1.603582224891957,-2.354689873553543,4.6270015284749775,0.0988931660085959
-4.506731289644473,-2.2807069692458617,-1.695645277556379,0.49188755805971773,0.09807904791143796
0.4970943563490131,-1.664983837596127,4.0478839690198,-4.245817224364886,-0.23235065305177394
-0.5790164422083341,3.1825180966611892,1.5892487799833956,1.0529386357620831,0.07167165321440469
-3.6678068265728294,1.9980463810308988,3.94946584536911,4.643630353841665,0.14133372702391742
0.6931072953366293,4.3314288795039335,-1.5616976373914495,-1.1995661282097867,0.08889895762997706
-4.404373481600864,-1.4718935049609638,-0.7288667779069957,-4.757391511546901,-0.024356550155555663
-2.5398335880398104,-0.41280894628359466,4.387662233978116,-1.9355871823162007,-0.09324943943418001
-4.820949417641071,-0.2154374512536963,2.2273592358450154,-2.68762172777814,-0.00687708882746179
2.5091478768578472,3.106467290934301,-3.203916617624606,1.6583064604196407,0.12132316649157111
-1.1464666478186625,4.322934054355519,1.9369854927136396,3.39688873951404,0.15398453219943517
3.640212963464517,-2.4586894758527986,-1.888801279493062,-2.4704515749752276,-0.14845672743998847
2.783727139722048,-4.98699268953776,-3.4069861954463976,-3.882289852161823,-0.18324496635500523
0.8604134094089755,-3.299221054043092,-3.6891209863288466,1.0328296681918783,0.012495915357081283
4.623973089175674,-2.637644142338904,2.6821877029602037,-2.2171883323561836,-0.27024429481846596
0.8886395309374979,0.160160015804367,-2.12126658086506,3.093442205294881,0.09969398380059578
-2.564499842618644,4.743321711221881,-3.4546966129829904,-1.26839900762435,0.21098042575998147
-0.8516863848932203,-2.602954316524354,-4.821154442951507,-4.336108272080854,-0.028138261350232893
-2.6511647224968926,-0.9899166191711899,-4.4743480081583344,4.748083917488312,0.24185955619938554
0.10836327820988068,3.6811503582705374,-1.1404704257911193,1.2714009850852666,0.13299241090971206
1.9278849598575478,-4.061386813562501,-0.871834280840595,-0.6317065750531148,-0.12775875705850154
3.086200612375336,0.7619631914643303,0.7994999908475524,-3.642449333388856,-0.15035970544772034
0.8186078231182723,4.268687765347682,-1.9852209883597483,4.38410255385606,0.21820896632100487
2.756808454303467,-3.461024871306486,-4.588809922787683,-3.572231144342216,-0.11558343438143304
4.217169927545877,-2.879385567267522,-3.3424676789837915,1.3279465067727,-0.053914251312375705
3.1713339800848246,1.9552128725986186,1.3449234016399334,-1.7022036942482401,-0.0947388489638751
0.22239578052589604,-0.0196819647230555,3.2151824175948462,1.647613405121385,-0.040214372393831396
2.520037869371027,4.364986754364976,3.8589782478350223,3.280148785579037,0.028135987171954754
3.148075882815146,-1.2737954335836923,0.30930314973358186,2.9375770650756987,-0.039857720023482694
3.514708261174837,4.452658331020396,3.6159299663847477,4.923726877116687,0.04990548845727773
-3.464429590664868,-1.217400194282392,-3.359095912267663,2.316793009596622,0.1760648515165947
0.43090447664805875,-4.048847516727765,0.49031669826367885,-4.499194397268481,-0.21042806864239968
-4.995274111328072,-3.3081568484231205,-0.6074383369222067,-2.4706540032252864,-0.00391329785329173
-4.136460628432936,-4.042241102124069,4.226151498171548,3.0188234875361424,-0.02473574409614529
-2.3495149445654437,4.895013454912759,2.900173547286867,-1.51854249115312,0.06279583024529367
-2.320506081227809,2.7152770417094976,2.4281779629887392,-0.04992425405952794,0.05683735346420088
-3.742405331195825,0.6541185140813948,-4.781807607610645,4.4153516881703645,0.3020818475790718
-2.042213518874835,-3.2429609874837215,-0.09254028441934015,-0.011312665243934816,-0.024878218876299582
0.7118704990422877,1.4098839453943697,3.2092683035698535,4.91255131136022,0.05336214342538776
4.519104171834176,3.6218397639272766,2.3107532603206646,2.8989035897094304,-0.006869201744847402
-4.619214030306718,-2.004387295490604,1.4341958147543927,4.038057340552854,0.11597085023587946
2.9315040157422914,-2.9520209430039968,3.576426968455692,-1.1574988366030459,-0.23594335030677838
4.311196742497312,2.372155829126555,-0.18076157936801351,1.7393854334552454,-0.00041986445661105874
-4.5940559322082155,-1.9388671927660317,1.603294539418803,-1.995994228496687,-0.020980000632740144
1.0297349128905147,-3.515065414239028,4.928520967830472,-2.083803593024104,-0.2568249975107582
2.0645416630029,0.4448399728381789,4.8180367869649405,3.0505370948695223,-0.07527114182800308
0.6472034584753805,-1.0001639810903242,-3.039767592988054,-2.6022536594922716,-0.026885633468220496
3.8583490464066283,2.058168758264726,1.6162532153753917,1.473652146627268,-0.04317291904200058
-2.929727404073174,3.613740098470185,-0.5585084988431932,-2.523318091627785,0.10174795355019482
2.3172527623310284,-4.458666832502405,-4.867707811484635,0.397254515982997,-0.033576828163684465
1.466205874792692,2.3483003083821625,4.2678292435681,3.5053011295855026,0.0026570293245971933
-0.11620153029509694,0.12663423596094514,-3.662146416213188,0.43635720746401674,0.09647420866518328
-0.6461782159720997,-2.017148448948528,-2.4584916845240565,0.8132587013685892,0.042239558953693725
4.948256226520124,-2.8055724123928325,-4.734172780496765,1.2968933161630067,-0.038283612050070776
-3.8986502736609974,-3.8145922845322335,-4.837256337292813,1.6168214383792856,0.14529190588446364
-0.9040065587501562,-4.310303779902721,-0.32365422277195766,1.4015509194956817,-0.037357601752998355
3.797396976660842,1.2119888637908929,0.165554278917889,-0.11623077533161297,-0.06371540371376558
1.8685464817940698,0.4745404107469593,0.701449646129177,0.39314729339425813,-0.03782907608404511
-3.704978067397983,-1.9140178079429973,-3.1581487764714167,1.1496998758750028,0.13552908692892013
0.9158421427370929,0.6330620164778509,-3.574757804794768,4.524366355575079,0.1736965340913468
-1.9563819664664441,2.5238294014202713,1.3867095661735576,-3.419379386817598,-0.007241724113432002
2.7116436813156133,-0.7139263818344874,-1.3587681015034834,-3.249641808294225,-0.11814319488757427
2.4945395712618197,4.326035253554675,-0.11416540490360116,-2.1658521739150283,-0.0048931352604127025
3.9389736645771105,-3.849513719932066,1.7746151206861036,-2.8918338534183508,-0.2767763635247474
-3.362201730146693,-0.392744412387259,2.4775818249433286,2.2234054209043013,0.06033957586045349
3.7347448742360125,1.986889471559591,-3.035231348485855,-3.9607638918293144,-0.059408621022664025
-2.139577861163622,-0.5968026316440644,-4.357216358405974,-1.1306319110512844,0.10598577059720549
2.871949788522736,4.280631458477057,-1.788258669699788,2.550795550688642,0.1277274642298389
-1.148755259420545,4.85817923603504,2.0347288630511384,0.1750918492474991,0.09216216625893214
-0.3294616656495659,-2.36601515721833,-0.5902548047367091,2.020261506814405,0.012754729332941124
-1.3057666892530873,4.892072660024805,2.7359008598162617,0.593501378590048,0.09012088595670396
2.3682994430313364,-0.2225076384924236,1.0002407441676482,-2.025563692577408,-0.1248135892948626
-1.5395653025364133,-0.13684461440487894,1.0271940124820382,1.982935524671749,0.05241027111824989
-3.5917065808629847,4.70017205722829,1.2756247420600877,4.838462851264785,0.26343814993991044
2.2822091809551717,1.3107773962989455,-3.3829357782444425,-3.9032577484705855,-0.033150083441830416
4.326144591180439,-3.0194426509735472,4.654471436057253,-4.152007940785492,-0.3589348137554829
-3.3100837626860704,0.43604239827750746,-1.185461877491404,-2.078668448949138,0.06339821310012989
-2.6781958171868823,-2.7996401009955028,2.627653801703125,-2.669894207263316,-0.12042205095055693
2.5273275558802233,1.6129343240271226,-0.5988417839644935,-0.23688596023933606,-0.012276386847287624
-1.4752107261975578,-2.2242445115912126,1.2851738314456318,-4.935660613790569,-0.15488596068066346
1.6784792132639232,1.0549877826606942,2.531725548930334,1.4113015547477845,-0.03875367610635063
-3.699717734485696,-3.5034293432838837,-4.131769480163305,2.1166968044519336,0.14321677057371227
-0.7391874501980924,3.575535530531159,3.2210168756617215,-3.8815211117706507,-0.06195144459340269
-1.9667939331682351,-3.2254367628717096,1.1506091825879032,-2.2710573285283786,-0.10400687424043904
-2.3629077644513186,4.9032218344251195,-3.1600770555373003,-0.5438430930096612,0.2196080791423128
-4.319189473782416,-0.7202582900272976,-2.7597060719831843,-2.26086388925001,0.09106163036640652
1.2747519608651015,-0.22228901105728038,0.1466620302627195,-1.784127043599276,-0.07617400101743062
-4.723778598577427,0.6157517196125717,1.0566707897510286,-3.113527672762922,0.025985152348356612
3.8847782034047924,-4.476068331013559,-2.482902806481434,-0.9512657460427798,-0.15176021053288222
4.245109336238901,0.15341186566598441,1.729969320056318,-1.0346132221712088,-0.15236177806223208
-3.694872195108613,2.2877159762623664,1.478860232365319,1.3641579924536353,0.13039746514353992
-4.084476827039821,0.17229142406883025,4.798642873335421,2.1536624429359827,0.035817507126871394
-4.476988701668356,4.485971928834282,-1.070988508500207,-4.639151071221441,0.1198844015062534
2.8807605936135063,3.537784968940942,1.7071481095222998,-4.030489717831756,-0.11290252115614711
1.461655960475766,4.25677621254736,-3.0000671024895267,2.894233688434783,0.19309824539990897
-3.566259909360723,-1.4353072130228863,-2.0968300289513033,-2.1919564876453714,0.04524058305875041
4.383749242053947,-1.980099066790931,-1.1438312120479424,-3.8214875096111065,-0.20092232458684542
2.311052966290231,0.5753840076610786,-3.9648331950435614,4.8724757873797415,0.15781422275098111
0.32231773478769377,3.7879381012219575,-3.3688549437862902,-3.030797152356194,0.08452618128587468
-3.398983130935509,4.5785136163583875,-1.3643915203528802,1.6213439053578806,0.24362738162232575
-3.2612465642215147,-0.018787915898594854,3.3426166671296453,1.4108454151275023,0.02912638658490615
0.7121845427986564,2.9280779747454933,4.802636533178454,-1.3431044293002947,-0.08732994512293138
2.607843568552064,-0.7063930501404192,-0.821985889435779,-4.263357108665293,-0.15012461862048881
4.7024807664850385,-1.0618511909165216,-0.48250090744602314,0.17478661871961876,-0.11348987624968708
-4.712234854912449,-3.522827378195971,0.5395861167998994,-4.347687635794367,-0.08217480613061753
-4.109061173929408,4.837023677310588,-2.133252271312452,0.7288496785529563,0.26240415113567567
-4.223063270524631,-4.974778650925008,0.07876933772606698,-3.3092877139985766,-0.09199494293611159
-2.709160546601743,-0.7814639290577947,0.8268947834910634,0.40728498837512817,0.0335130404984003
0.8376401090013541,3.097019531542358,-2.1604696939947288,0.9355090754634894,0.11900795982220494
-3.235683683433205,-0.1037710916834067,0.6553532461822851,-0.4424731898453791,0.045201914571602976
2.271937943499644,0.967329234860582,-3.0987514223879495,1.9580636978029267,0.08338236470115142
-2.990871675070083,1.9068376423545654,3.3290249767742743,0.26182239684617503,0.040677927499923314
2.631293856941812,0.07679780952040272,3.053767201811116,2.402619096212975,-0.0712365367337678
1.0834655521636227,3.1794096113755703,-3.9628216116827564,4.8950152326897705,0.24341735341298834
-4.736476517403698,-2.465239675189798,3.8475130679976903,-3.9314733080436515,-0.12239443408505427
-2.5113810503460012,-1.2170124275304115,-1.3834953260699256,-3.6759936295053075,-0.0221806595693287
0.06441307778961836,-0.9053183633801929,0.4964539434709465,0.2122550536682457,-0.02786511846605583
-4.931285416498322,1.8024739329378114,-4.189019429380803,4.581804705031384,0.34454629964107386
2.26192523705227,-0.18253909354004172,1.60420065677659,0.7244199693812794,-0.07387211151083604
0.9350521920311756,3.316017693620113,-2.6619920993318735,-1.655995470757048,0.07526582511475029
-4.082800938933815,2.51609659822995,3.3898720650795173,1.2478516547770369,0.09904171393025077
-1.294852718602888,4.799340159746157,3.0677334878108162,-1.4163062978879495,0.03578117983667285
1.3404885920893648,-0.05337144227891599,0.9564662468752108,-3.3800348178106865,-0.12734135775675953
3.796740503230918,-0.9163431676309628,3.2904270031945657,-3.6497591504410867,-0.2589615516555008
-2.968052166493872,-2.2024726450823042,1.355277085894686,0.5053263109172077,-0.0018749167459091254
-4.9243478262713225,2.1418734498415484,-3.440325964606118,-2.5834690336207924,0.17606840460218215
4.881620371622674,0.04981669209918316,-0.9160509189386223,2.577156723284161,-0.029746578606682388
-4.179502411379633,4.898174821741398,-1.6387189719946251,4.646939757054685,0.34140746582600756
-2.559116170614415,-4.6645924286643305,0.1769000423641165,-0.5678869504853576,-0.06333918335331976
-4.452802088016999,4.290690345741062,-3.1784286214533464,0.0037467711962371197,0.2650148405868366
1.6803161343515232,-2.9143737247037627,-4.831272309884913,0.9885220419333614,0.027224544283621956
-4.467917736347816,-0.28736763271394494,-3.7452134231309153,-3.6309073724788323,0.09544124787302122
4.922635675979707,1.551642942677283,0.7263984663232534,3.5934730446707377,-0.011198181221220906
-0.9470198329541084,2.4272048661440015,-0.6478198125688657,-0.19880403605746544,0.08496089945798911
-4.030186885247749,4.034597344930418,4.532052920888553,-2.241343662310232,0.028697503266208485
0.5327198308211623,4.8272067873846005,-1.9277267149725317,4.80634685706335,0.24507912285776268
-4.16866785842366,-1.4655552130691185,-1.7652220312985687,-1.3486794479893294,0.06932567174808402
-0.3671780405531653,3.040900536195023,-1.913756898101271,1.7329539758582726,0.1567730989046163
4.3872505272833635,1.1900855893072357,3.9526889013432616,-4.608419872374104,-0.2612949713709666
-3.9277489619629593,0.17736649705801533,-3.883933437582703,3.281003108522217,0.2504456001139088
-1.1674915685172147,-0.90094208537952,2.8797873723201786,-4.086176232499379,-0.14887586937070807
4.270077211168918,0.397535767789444,4.8440111648900945,-1.1491310212701134,-0.21923741398977073
1.53151467309673,1.2231532798737321,-0.804153959159124,0.47327365795202603,0.021534804975292268
-4.255744941240548,-3.577404903023207,1.6965797409290815,-0.6949925456091011,-0.03807182774046315
-2.9024859975469006,4.7897477148510585,0.468425889740649,2.8370382774315495,0.2235743577797524
-1.1111849871177126,-2.039921535526805,-4.247791180819265,0.775220617903015,0.09098389445140416
4.216756767429597,-4.441390685541608,3.3846921068391342,4.396506351066801,-0.1699185157498564
1.1852160588103633,0.6633275799309866,4.329666043744012,-2.605011444517229,-0.16570146593645815
3.7078186498624213,3.049491321750132,-1.8137488167873683,-2.243722332940993,-0.024184463205909196
-3.209047780179689,1.9701934916304085,-0.9799233022603939,4.234600126076515,0.2309725488921557
-1.0580393116933493,4.414370079931162,0.3302467033848986,-2.1668442147412215,0.06611818829996426
-2.406741737196568,-1.1807071965940041,-2.3038056647240657,-2.84877749131514,0.015134726978033123
-4.8657606866223695,4.47622194630503,1.6864937977294474,-3.532615972599454,0.09161939694663328
-3.390339662778483,-4.0045710384675175,0.7651560656063703,1.1380297791229586,-0.005363503603832127
-4.005607431201337,-3.94590262292719,-2.3846755694767383,4.224057333864122,0.14818750470255573
-4.3906121863947964,-4.040006509501167,3.939163413454116,-2.8969072184477342,-0.14412144344462713
3.432909740985888,1.8455325700746137,2.178846260680337,3.6007454326853594,-0.0036772888645833744
-3.5164607143252544,1.9772972368684787,-1.8792616126883388,-3.6788895413021763,0.08209177827955325
-1.9044350086381368,2.0750919084038397,-1.3239073145097668,-0.972446873862066,0.09624416350421505
-4.131526457997422,-1.279061145338706,-0.8007626958571166,3.9233102344481914,0.16836751651031165
-1.3743913384573005,0.10738940712950118,3.099168517200484,-1.4784035707933518,-0.06879536316460076
4.0448309118662635,-2.3087249186440073,-2.1844011921932474,2.4362883085151896,-0.038508140662262984
3.794068967043888,-0.5401540003428353,2.4896883992754937,-3.3476904516450148,-0.22603559596238293
2.8424475306200128,3.662952063685376,3.6392668560698525,-3.0294128681948296,-0.1299594486933182
2.896907186266632,-2.1478236352307443,4.741081425520484,-0.5674627759857902,-0.23007277828897002
1.9522208247017385,-2.276640578981688,-3.485003700069428,1.3436257560108888,0.013328178942153119
-3.6086847471406305,-0.6173678449267461,-0.4031972695192101,-1.3794877384112834,0.04477836518492913
-0.19517795179690545,4.401400791635448,-3.0564700977523493,-4.020452693400168,0.08072435883965633
0.5189757354934121,4.349162237031587,-0.24253200158574106,-0.7897605809933683,0.07295462049178995
-0.4575803880155229,3.6423283527736974,1.4344649638182583,0.24222783172660733,0.06461492463772375
0.06765542618901943,-4.77287666255223,0.0952492115588992,1.0655729537272745,-0.08600462992384164
2.7067695018704896,-1.9570615053567373,2.516870192909929,-1.765001568885376,-0.19879339486716738
0.9047615713737116,4.372525703520051,-1.548567542829573,-4.795986625901358,0.0048965566461011975
-2.8769034207332647,-3.964964183618731,1.0245825350724234,2.763665330484349,0.014467156278365749
0.12355473691745811,-0.07364219539743733,-0.34694842328530306,-2.4176481744059606,-0.05039770407634563
-0.4915515605419163,-4.160375673651258,2.8068707197394085,-3.713042695681298,-0.22641638952289
-2.9392263788132045,-2.605157072714422,2.1152426119859333,1.095727597584439,-0.015232126851171385
4.0863048138845866,0.2544689814107546,-0.7555116433692088,4.979947308353559,0.042302735983309685
0.023030291992776064,2.5322770620374033,-0.3613831812586268,-4.496538740773409,-0.03613130643267012
-4.577168788970996,-1.6062406136133145,-2.9707233157757953,2.1646018443904405,0.1801389630116426
-0.8698137578119001,-4.680072059920129,-4.453654905483764,0.47687636248818954,0.024894954796971635
2.6873295055351143,3.8104593520354673,-2.321416293681483,3.635442710971631,0.1573330855811882
4.3640011972249475,3.7346708447421104,0.30184521176950696,-2.5586631274170357,-0.07755197092598622
2.228909363559051,4.188115682905339,-0.3129304890465292,-2.4245950107390257,-0.0033879600521379773
2.2614934052483004,-2.6872749342582347,1.443342347136003,-0.01576294472328499,-0.1423971918081294
0.8531015158951423,1.741031512104927,-3.547807229943134,2.658540805600408,0.1576506229278517
1.938363352834247,-3.5085477458291403,-2.184148113727992,4.235708317584358,0.02162100739219917
-1.6392393142466788,3.3525298466339297,4.140995560317705,-0.7135162636758814,0.0030501630419338356
4.789184124127704,4.434814116667349,0.8168163011535707,-4.218773123448722,-0.11977687626805886
-2.1322565696752105,-1.9538005663236344,3.9164727196890077,3.7481576681539046,0.00022535448481050935
-1.8966404785302196,-3.5223603201253093,-1.592024259095889,2.221553021480151,0.04861905419957667
-4.5556808684976655,-0.8094802181390257,-4.614707441317241,-4.533590446924376,0.08505150321670012
0.8061127499143179,-3.9978387800419513,2.937484721912024,-1.5057510308186206,-0.2054930507263759
4.186975629399626,1.768479380331149,-2.398276214878028,-1.9126191582972107,-0.042951982055281335
4.559729834459587,-3.725804965923716,-0.019027658160235106,3.7616484225681326,-0.10010797154788743
-0.15332757170088307,-3.927719937081914,2.7679374047862986,-1.7660596624353353,-0.18463087628005923
0.8068059084321124,2.6053139973709607,4.528391837683049,-4.58885128502462,-0.1626385563059738
2.5147372308496907,1.9112360491395268,-2.7633925984975094,0.5049136877345823,0.0592178912115984
4.51298989893268,-0.15746048661037548,-1.2564033260121543,1.704898142226913,-0.03798108705119974
1.7799453158138867,-0.2358263734175461,-4.030027021213752,0.2159372761674767,0.04955983573666213
4.122903933397497,2.6244482329726218,2.992555252935353,-3.243661835622124,-0.17188161753294115
-4.803513859362494,3.022602036303903,3.430472501055773,4.148006439468588,0.18985888520176025
-2.021915504620261,-1.0067287904187583,0.2558666533818581,-4.962610763518885,-0.09340646005998313
1.451418512861908,4.027664030682535,0.6168481649282587,-3.668138996479424,-0.03797203652415679
-3.7641135604153044,4.145829755907114,-3.109200163925542,4.866075140312621,0.35300485823467953
3.381282598830225,0.8099219133463915,-0.7585449508641364,-2.577119889553947,-0.09755412498163654
0.07112695815572323,-3.79294418562075,-1.3803354610650134,-1.860766076313658,-0.09654448353389153
1.5336962917249881,1.5116451830363422,-4.548506316389281,0.2484973787659026,0.10611005747703417
-0.7294692505588687,-0.09775582447314246,-3.052065980602258,4.981960347007451,0.19257199452656523
0.806444615253346,3.3528920204696266,-3.3661765961177057,2.8736885904225593,0.19525139092792326
-2.735045771846937,-4.829895276636015,-2.6766477963916833,-3.933227969597992,-0.07447621506656414
-3.7947419079288336,0.07538163493924976,-3.3010234547721784,-1.7732956409029708,0.11995225237193982
4.300369844103592,4.809586136583096,0.6241558715091848,-0.9880485749234236,-0.024510847865624543
-4.964218477308463,4.902316726718315,-2.5973824542122284,1.9830274494416802,0.3210432246151264
-4.560260869959004,-4.207048611873497,0.8473003070767451,-3.5095191277423385,-0.08896904837185726
1.1728285634625246,-4.31832221117618,3.381036020142835,0.16562619996498817,-0.19347912432925668
-4.486197927039025,-0.2741724412300828,-1.206493506043551,0.2013702524249874,0.1248864276506107
-3.6863853354511456,3.5718133057779013,-2.4296618804444026,1.5015386635805754,0.24865331522786727
-1.546192784400965,-0.6012394562263825,2.2536874425024367,1.3409880677886807,0.000716754521351699
-4.852121044561194,0.4946448973119377,-1.8101816843003036,4.760606675074023,0.2648345400277213
3.125316870099219,-3.195228802243598,-4.319422288082318,4.240170567431967,0.04975660407047709
-0.945045134072676,2.404274419773504,-2.0935454232531647,-4.805452342869813,0.014164725205100695
0.6994023391507849,-1.4211100018879694,3.033187879477561,4.1715718043068435,-0.02182507591576604
-3.971558979490608,-3.375853517988995,3.856266400665099,-2.159947355454671,-0.12045573988040349
-1.2411021601153838,-3.217702454217374,1.6292013303497281,-1.0480170599209995,-0.1034181929860604
0.4519146525803386,3.9717281425154525,0.9148402120355996,-3.0019640988827523,-0.008822018244071961
-3.6677487730021996,-1.0410815459829958,-4.593165797626123,0.44396427689252693,0.17030660670084122
-2.9683993696184965,4.37800616595039,-3.654345957114582,-3.77472366843271,0.1605783960944613
-2.5159952963941934,1.9395403485156137,-0.3493616242325963,3.3051616361795304,0.18022353122937632
-0.05966499228019817,4.821587525496749,-3.2915720758915636,-1.8741906459344837,0.1399696432829784
-3.7632475138375945,-1.92269639391502,-2.7433957842324173,-1.1425961646726481,0.07647446087738542
4.8258572480980995,-0.7667762321106704,-2.1140049119213957,0.6582898237440373,-0.06267419432318526
4.476745270064665,1.6784478826690261,-3.397953554950799,0.49440120330785753,0.024312386019178175
-4.227712867725224,4.14349303643392,-4.228108368292798,-1.930063730011983,0.23709445649866578
-2.5905715846646493,3.8053996129264966,3.6497694646438212,-4.485963896191036,-0.03866138140541581
1.4584868192113447,-2.929368554602373,-0.5919569268122773,-1.4106310429260285,-0.11570065533172154
3.16426817444121,2.6403439582144763,3.5216339329891095,1.1888693750082204,-0.06348197276016938
3.2062050647459213,-1.1713743483964025,3.053537794710447,1.6177512612691984,-0.1291859099240794
-3.140002057295519,0.5781479776223915,2.32326224545287,1.62557997247501,0.06712150582089
-4.506064504730127,0.7202589299265396,1.0623427565110912,4.846030760400675,0.20022247641213892
-2.9157353918608697,-3.8544628669497474,-3.2902100487261343,2.8771353639467616,0.1161915097240893
-2.52253491445944,4.645563695033681,-3.0168691585742744,-2.501967124172685,0.17073334764210468
-1.2419629944197883,-3.085398448802467,1.0348390696079557,0.9777881942995093,-0.04223302954869167
-0.1474547293088948,1.1368907333210432,0.2979124291264359,-2.873417293658753,-0.041932983559005585
1.6568883556061706,-1.8317756789174644,1.4093592653281286,-3.0131189654721835,-0.1758031614516433
2.313033318098072,1.2166970294704882,-2.957004408696532,-2.6276749087193796,-0.017044595303342916
2.3214868336970227,-1.8116030377535877,-4.131909500157613,-4.973671331143185,-0.1105522600541374
-3.417201795923553,-2.1850174500138078,1.7096703716817272,1.8997062131603757,0.03160489305307543
2.4926774996936087,4.757525576920328,3.9718920304906025,3.296506325856029,0.03532138605760324
-1.6477897977840152,4.840466439727965,-3.321980916864381,2.259261724839808,0.2682110862048038
-4.660133000817605,0.3001238498733807,-2.3845565673693683,1.6009021704473927,0.1987936797446166
1.1680660641697207,4.893065172808095,-0.3988856663453175,1.8845909249588697,0.13352168222094582
4.77351436616609,3.0253224846288447,-3.330399396030781,1.6366230654321248,0.07152956844279246
1.3131371204111968,-4.5904676793034,0.6845796053926723,3.5199445989652975,-0.06818310680315492
-3.915378243584736,-4.203226034536867,2.4444662890974325,-3.0578745680141903,-0.1286708588458612
-2.9124874990897256,4.105527034370226,-4.726044866566921,-3.8606720768888927,0.17518638495862177
1.6426802140420573,-4.158133271052878,-4.874708159865539,-4.2455311167983005,-0.11492525426728216
-4.96357298687725,-2.5028820344892813,2.459267168485681,-4.827561731877141,-0.10724750995499674
3.5479806465091563,-0.8888868607597757,4.419569556311226,0.9492546466747607,-0.17571516482011995
-0.1573024578582327,4.361495516404013,3.191895414901003,3.5584459409977303,0.10856330000797719
-0.811167343438238,-4.6518511092317745,1.754250478400996,-4.772849643618429,-0.2303951975069547
4.715023310300758,0.9086643489523976,-4.7506658769165755,-3.2871100093860206,-0.05206229097372901
-2.699311925556139,-4.601436087912508,1.1706113313208935,2.7308575708671636,-0.007597287173557743
-1.6091694537320733,-4.062152637176526,1.2985423326727208,-2.661570421666063,-0.1425132430618497
3.5131193191618024,-1.0548538257501439,2.1224941740067003,2.3097723072504337,-0.09734877803707141
1.076595280593608,0.9775126117250625,2.1200984584709754,4.732902628867212,0.05586047781172646
-1.267328997753785,-0.9270490215583234,1.709638366278651,0.3285923876003167,-0.023128133388508287
4.43947135527854,-3.2627075890103763,0.5478206201492499,-2.5751809171438103,-0.2405595662573773
-2.923012023737189,-0.6897094324309219,1.8350312479384918,2.7301108459644308,0.06951960420738236
1.7302947938578175,3.8867484150017066,-1.1605406809794063,1.4309696530253202,0.1055103101144137
2.445370752392874,0.17286739355590353,2.627757025522058,-0.3845966967759651,-0.11744126846966653
-3.1075437098418615,-2.4562228279969056,0.7711690911740465,-3.772999922287237,-0.08650773625814061
2.7944135455999453,-1.2894965071682627,-0.6682461094014167,2.1624703201131235,-0.027848747183414835
-3.082108668363589,-1.30326162199614,0.3774120371657901,-0.8330839887091184,0.012630022677612018
-2.8623253129807438,1.9618632861404208,-2.5240435376115498,-1.0064399101787727,0.14092871614564317
-0.5638755743507691,2.2904768532166706,-2.7623129170075202,4.099524077700375,0.21591532049500747
0.5135943082682273,1.7609536576025695,-3.123418241522522,0.24571303147711987,0.10258868049631076
2.5144790149922454,4.49428195562893,0.02711780167430433,4.9682168341334965,0.1537978216243528
3.370083281918072,4.717754846522919,-4.739982969902671,-3.386538380702463,0.060024803417890106
-2.0588856348075932,3.0616478206308955,-1.624895721774684,-0.20281272571410636,0.14539147669997926
-1.4912513304930766,2.8036529238852754,3.9767141679242943,1.3324010653564216,0.0366798033735662
2.3764346158342784,-4.088321173872613,0.6621874433433099,-2.3602634270824607,-0.21082681466961473
-1.2056108350412833,-0.5731978348481768,-3.0497464730607393,-4.942701381308582,-0.028012042401216367
-0.8120584590223796,-4.799890523883363,-2.546965998328713,1.2593201525921591,-0.00403435364311358
1.6032353604382346,0.7269735377888962,-3.116929146462005,4.750228798852037,0.15535324717032675
-2.3540106460930432,2.3593061720078667,4.693046229805672,4.160670905250306,0.09290981096767878
-4.162958931849663,3.739700774308522,-4.675198664199063,-1.5507599414405284,0.2450466317537049
3.7549896414021884,-3.8241344290289625,-4.8920080354158815,-1.7410371468970567,-0.09840340404249613
0.8875297426919211,-2.7913213761383915,-3.801306276584299,-1.1762446984653363,-0.023417545349141092
-3.0420491471888953,-0.5695051482985036,-1.3643072453451879,2.6630074366103207,0.1444413040187978
-4.27407697439508,1.947643701663714,-3.720098190308656,-4.753075836098284,0.11530540067264815
2.2756161385102267,4.0795855898478255,-2.00364186032181,-0.04711523487272551,0.08356657948414851
-0.2171303499941235,0.9783054982297745,-3.457396477550728,-2.193019590914631,0.054662505219111
0.09703664042082494,4.850610963876191,-0.3984601033482127,1.7667331118438847,0.1537503897477214
4.644111915017469,-4.0158056211184,-2.7632327492194078,-3.6562104413035277,-0.21228656062711085
-0.3616143283005897,0.9348504128222306,-4.071180015876813,-4.375664295607365,0.02204401025316152
3.776506948208807,0.18253871962481227,-4.765986226197155,2.4071132648701052,0.0795362502774059
-2.864995816750789,-1.8004794800236135,0.6567034013626465,0.5299892234759307,0.02084004797423243
3.0511742444194994,1.4350747771239245,0.4384695145628985,-4.190933094216554,-0.13878893502388953
3.402577798947142,-4.790581861548345,-2.490089661670022,1.4820989204359538,-0.09379935729754472
-0.3775227974332571,-1.4848777995300666,-3.7871353912461814,-1.6289736354554343,0.023351261193198605
4.165900265410977,0.0812241384032566,-1.0408585927666048,-0.16903597193322373,-0.071396744581652
4.411624496408985,2.982780623990564,0.9436597662901294,-3.8956168287910864,-0.13929156594443637
1.4589363853551731,2.5655417626217982,-2.2219145739048263,2.665498281148211,0.13320040516265916
1.9047387848033779,3.362832901867854,-4.400983220502076,1.9038043119075123,0.17250848109942368
0.2071486272529688,-4.448142318253344,-1.1295741316053496,-4.468749136181771,-0.17765479889072744
1.4847520414857032,4.871088322899306,-4.079787371847463,-4.521739322445953,0.0654307629070025
4.047430731590055,-0.9772928521451778,2.3144886786801155,0.3862979180186734,-0.15450920765325946
3.7553599321710998,-0.5237319096690563,4.674449504810047,0.8585348057860127,-0.1798890342414265
4.739135070703039,-0.5412913120312348,1.838166236187079,3.570324583893088,-0.0788504007784059
1.0967694746681778,-1.4916776351243008,1.2081084828088446,1.9717346337043686,-0.04055157686437678
1.1506072258676134,3.7221349799302352,1.3884167608883846,4.903525797499995,0.13525859534831627
4.1959046478737,-1.0305096486493626,-0.8141186854107643,-2.6959369216235505,-0.15796072294968552
2.3941372461696115,4.141756542563712,0.24464391602214342,3.0115617526933534,0.10032304740145134
4.658241201779589,2.3817006810778665,-3.6830259365208837,3.6011844596694047,0.1112815527886348
-3.3412597397387103,3.508082424642481,2.971594304898588,-1.6844299285944597,0.04874039846418098
0.11567147740908368,-1.0071563774997685,3.5199179019101674,-4.829333330148118,-0.21049064637704754
-3.5652024079067592,-2.9308182970338503,2.726975993362827,1.090170714253107,-0.022276025960818027
-3.732646360142021,-0.13431026951891045,-3.969208622440873,0.3339214318596788,0.17558813655385916
-4.910026561932604,-2.1194341580425426,4.913358234715886,-3.3463045166275087,-0.12153489661007409
4.495488450967546,3.8834735834071505,2.625666066114243,-3.7144923238269123,-0.15449273905559005
2.9657251100197177,-3.173953101775744,-0.00033586441493227426,4.33095749262559,-0.04018633010566533
0.44736949192171505,1.8702661146107333,0.9267481353547025,-2.5745732510722874,-0.046187216971954916
-4.419608969617302,-1.2048413214158527,-2.492309261441379,2.6519064521960223,0.18575518581864114
-0.04319915425418852,-1.7077302288062555,0.8618526928422181,-3.76355163614332,-0.13977634230083566
4.871522511609642,2.398563742697375,-3.2191200827147712,1.7447595696778304,0.05535379741067409
2.912812257888411,0.288495753212878,-4.5460579783481325,-4.340658396950904,-0.05375370940618452
2.7798309862258286,1.0679845027147685,-1.6341442128831742,-1.979987292042412,-0.04572643472600662
-0.14189077679826934,0.11572272956866225,2.930588043221328,3.731211931758569,0.023516386553426062
-4.90501635179621,-4.287653742499301,0.5039316517888226,-3.42205744545966,-0.07352503306559054
-4.6598548140717035,0.2020580720297378,3.3094851209891516,-4.30423073182657,-0.06115117703809509
2.572347440190198,-4.423309084185244,-1.9404010307936193,0.593739329955433,-0.09914480363614199
0.001714297104731699,4.261340121090555,-4.6313108803952465,3.642539193961717,0.2785216866298397
0.40404614512975634,1.011819473049794,-0.6537057449601038,4.717609153343023,0.13286862724940368
3.1128015926900368,-3.7954074605614796,-0.5038415429455378,-3.4243998469686154,-0.21841705238387987
2.7715817531435283,0.5338594204527531,0.5948192233632028,-0.006096297469828649,-0.06308084118941792
1.0564357706612428,-2.204985298112022,-0.7114741781735967,2.779040488289761,0.0050909688375576165
-0.38785330475650426,3.1655667757010555,4.213913831129487,-2.1673240132795444,-0.06284039475447716
4.017231773324662,-3.7547162007294066,0.4813529893859938,0.19970879146480858,-0.1789687149327834
1.4461241748399791,2.167435838537525,2.301128065402784,4.288372962981924,0.06019014580614858
-1.122162548055968,-2.942240547628968,-4.84290348287943,-3.979271380637109,-0.0212543532740151
3.686342536833436,-0.9452607078435484,4.281622913082714,-0.2984911400498813,-0.20470482884021293
4.401165176436372,-1.4692517608952183,4.710849617738308,-3.0551604842998636,-0.3030317119859947
-0.2597486309474837,0.23882903734358685,-3.0835649378806207,-1.1150250882657433,0.05482483373124329
-0.5184090374900894,4.375116071447888,-1.0927141979800137,0.10552231240435805,0.13537248042938554
-2.2474459949315575,1.3388249543099278,-2.0319798321602267,2.6357719082052835,0.183422726435711
-2.7388231561307097,3.2881084140166053,-1.0222416492388566,-0.03405544118318371,0.15589150618228861
2.4101235232436107,1.1850869739190086,0.485264539634529,0.3063973157599218,-0.031197861626649094
1.6064967888221222,0.5054600299510863,1.0222616657282488,4.078192912992732,0.0434420997420766
0.2017332173859252,-4.702314442195377,0.42033550927632835,-2.219708845678344,-0.16764648921191053
-0.16335363252654211,-3.347399176635345,3.0881838633856216,-4.452616073463739,-0.2383298995768481
-0.35060854818656395,-3.973463915461748,-3.054464090484885,-0.6155975962877633,-0.02631086384617917
-2.6683645794946367,0.4889982086367537,3.3024845557334785,-4.808440553089039,-0.11007916268202504
-1.8617335141841327,4.799257936405011,-1.427352622786512,-0.019036669120299443,0.17931794231678574
-2.8566812634552763,-4.430172515596013,-3.5559141269256034,1.8654475051128045,0.08550823066439271
-3.4086194102470135,1.9064151308724853,-3.43802530611205,-2.524458435714817,0.1384133647003718
3.901284905076336,-2.589344274971883,1.059267056910005,-2.3547376780538065,-0.22010297588915623
-0.6447858412602425,2.5047533496192855,2.4040423214932005,4.032388536998862,0.10617523125300422
0.5660008987501222,-0.7411146207019117,4.293300599842807,0.9140561359345316,-0.10414133296356244
1.955803071366958,4.8201670612809355,3.50522304152466,-4.371213612946717,-0.11137939254572
-2.1377665169758444,0.8409058319110301,-2.880109040018326,1.7998913021987653,0.17019272646897704
0.6824219107717653,2.103459407109563,-2.8893278295350577,-1.91919282449174,0.05313716669735812
-0.03707137979726838,-4.367172373844984,-4.787772071186144,0.7958592444902512,0.027856229369526187
2.8877713945226704,-4.21843228753287,-3.9162476992833506,0.07501754657144222,-0.06922085413779441
3.105399683382707,4.557847526888109,3.3015585913026175,-3.9852040083775817,-0.12965143902610662
-3.01836398844383,2.940897175501295,-4.9328527122371675,-2.0734965346867873,0.1959692742554557
1.4032914655594189,4.731262306989988,-0.10610632723270097,-2.0316169984179346,0.03116578156100745
-2.037126121021217,-4.567521695577645,2.089359646105713,2.797346418128538,-0.04049797338963563
2.5753719619435858,-4.96905223264207,3.6279034499317184,0.9484549242918057,-0.2271971715605682
-2.4022928039398685,1.0493984897799322,-4.549664279986377,-4.264577971280305,0.08303950227613051
-1.0561479339716016,3.0797147630920048,3.9088224573559778,0.5648678821057249,0.017597958262518976
-1.6874907647851547,3.4790028584354324,4.759660819479084,-2.9187830883577606,-0.05582111743591683
-2.951967594224528,-0.602021030997336,-1.2147368331277573,4.511898092116324,0.17947958863269495
-3.018355167298866,-1.4373968586034112,4.744203263800417,3.638847948769188,0.010568955414760587
2.15986243403432,-0.7607171354854545,0.98439423368447,3.225914576373759,-0.015090205040677453
-0.6636517102778114,1.4533868855328897,-2.3336638791697997,3.1229590087485573,0.16830358852731242
-0.5714495961588231,-1.7405140025096735,3.231939903091355,0.43779028667319153,-0.08807142272820033
4.631849240915868,2.3990094071671955,-3.0259203948995594,2.7680743463968955,0.07913677572328405
4.902333092727204,-3.715664956813308,0.39557160939953384,-2.7592088697163097,-0.26161730063680794
4.188486945976241,-0.039567308470856766,1.726159501571992,-0.6058193453326961,-0.14577851336337302
-3.677494536695548,-1.0134310721531392,-0.5471038603248868,-1.4726155629927629,0.03863448359721185
-2.1433695596684466,4.686194727334936,-0.28466191471525093,0.4852412132202506,0.16887705366530853
-2.9538957260768575,2.2543020352687186,-0.9767303606980491,2.160758924082974,0.18545971213614665
0.8299308936524827,2.408291728959946,1.3883305719285897,0.9493137706592645,0.025318756311958623
-2.6651183970416326,3.2644306344370424,3.551626502884094,1.6133583647953573,0.08869513096422084
2.9231822646485828,-2.3222930956241292,3.4372064225546577,4.63010614578636,-0.09005723637868909
4.126295908519102,-1.6103711715003488,-3.8881613481768773,-2.1580831928225663,-0.08903530943700312
-3.599169442676804,2.063399364515125,-3.7502177130184657,3.2190466923125243,0.28070740472273153
1.1695468923083316,4.899880903231567,1.8543105837472442,-1.1548461125609477,0.016026162547000976
0.5518612848731017,-2.7651813997636356,-3.952241371809099,-1.262652060713906,-0.013943408300923226
-1.5598395270437893,3.3522308419220206,0.8294245706309402,3.0919450997715288,0.1594353532912533
-0.9067680811416121,0.3950180496591118,3.4105162202185646,2.6507707713717945,0.012045348487865645
0.38575871013484253,1.0784771692025688,1.8212001288005517,-0.5634590248148932,-0.03759868210106042
1.8715844368917844,-4.218876787282884,3.9733107396452603,0.8550547723609183,-0.20463815981020028
-1.993276564196126,-2.7835412951329563,-0.9905740278419994,1.2306619567715424,0.031799361192815824
-0.16391724311072142,3.1760160584644925,-0.19573074954220004,-3.298845230134728,0.005262640466281905
2.033741691714079,-2.7451293945131052,0.20381683719544963,-4.3990229722339205,-0.20848246434792345
-4.938400501575465,-2.6161699093111723,0.8356486581867575,2.1269910839525448,0.08030162262289067
-4.800325286822435,4.809061026038917,4.774930496399643,-1.9951283428956659,0.0630961660792454
1.277129533048197,-4.143950657937207,2.6559299450720077,4.641247984950015,-0.07635027002460883
-3.3099741214791045,0.6722070934281383,0.724175585089216,-4.822748425809013,-0.03477206213313301
4.640907916352361,-1.4005081589674395,1.3051998678324805,-2.489056790810975,-0.2185705051991835
