w1,w2,w3,w4,speed
-1.5894120588159755,-4.220168022635179,4.430697572958902,1.5709832783925783,0.12209635015659555
-4.3368835277810565,-4.645001896656829,-1.2577803315465905,-2.0542006054091133,0.026416801622622856
3.2171548076448246,3.746242642801487,2.4482634708663937,2.777140341629024,0.019481828508457068
-0.2961600012792829,-4.035138359470867,0.8768592393702379,2.187953759810835,0.11450859292572492
-3.7255779426671154,3.4303852705251163,-1.8814357578655185,1.5610066514222485,0.2469530804789644
2.249215758061256,2.006797534192051,3.3907542313738794,-2.7025867457148856,0.1830749900652653
4.692357723889764,-0.23318714499462878,-3.6862192560301033,4.454117165077228,0.2709068997479886
3.5793942559856244,3.3226537798020512,0.08086969344339145,4.235218056664923,0.12363244627442305
-0.4239419502167223,1.0347646938633757,-0.5251647680758964,3.962777422011893,0.14537377865928489
-3.191534946741288,2.753274953705378,2.568261457876945,1.1360207339318018,0.17839364167339916
-2.2962941767749587,3.8722438285372363,-2.054677484649088,-4.126657310616192,0.1882810580483942
-2.317404508142309,-3.27697787393097,1.5135432696930184,-4.686683420926194,0.19052745388810466
-4.290192227996447,-3.169180917168861,-4.734517887614206,0.5853463926852767,0.1659472994589254
-4.3543460264767315,-0.18592617521857946,-3.8359494811249704,-3.3856828489418134,0.12674508713656604
-2.2818637702392266,-2.160022194487592,0.6920339549855514,-2.9095696847557417,0.10735569098390935
0.9375774472048706,-4.546547806061515,-2.7533979283699273,-0.35313459028010286,0.1719355419186309
0.9853344972966891,-2.2868709359224457,-4.910657420254097,2.0793381241947317,0.22124820554485494
1.4183171894811286,-0.9513939759071368,-0.9146078975557215,3.306194396643443,0.13807992169964536
2.2987906156537106,-0.38472466966594876,-2.557321753180771,2.613538631831304,0.16652849317348717
-0.05768720111609671,-1.730809639930019,0.08932095989993005,4.082687945492459,0.12450773727428358
-3.1714387111375144,-2.0974939050765427,-1.9582300639416106,-1.8896203782401333,0.03238729149536345
-0.6690445227821327,-0.5045756560580958,2.180234744984749,-4.666662596106258,0.2042436789068016
0.11419616940601873,-1.376598473843469,-0.4353326187365454,-1.8062622204706114,0.06363904164354511
-1.2257708996561476,4.029747101987974,2.3520418938177023,-1.5283971403479866,0.18525666952160916
-2.0827141431804197,1.221545495451708,-2.839027687801301,2.6781712804890567,0.20096653285635063
-0.8737103455840076,2.782834653859946,2.494766900593132,3.6335477645139953,0.11786129217673338
0.8397593699277159,-4.140414084656424,1.4175377154477289,-4.582870456062817,0.244864573039826
0.18546828202279464,4.6569340079785455,-3.0659415539503145,-4.030570973824164,0.13376654904815088
-4.838970287005376,-0.07386980736803572,2.616790501632508,1.5322276897567821,0.14274797203690326
0.6729388342817542,3.704803566553702,3.292470767081392,-2.0590883998970866,0.1754137785496702
-1.5345945087703927,0.9321986916884679,-2.29225707925922,-1.244989791018123,0.08309095034369697
-3.478023769982057,0.6567092953693621,-0.1545542297621525,1.8920794083880041,0.1435717625692089
1.604932841306626,-1.1111552426672064,-2.555879849071736,-1.2517588594065931,0.08630962546491036
-3.286792106356393,4.700487526758717,0.18084701364662248,3.0094105502041284,0.261560812182152
3.269039172755665,-0.9016585523513925,0.8813041951513885,-1.0115493387523031,0.14223853889000146
3.0863935122865307,-1.9296350506118563,3.5710946311937306,1.6167978564240402,0.1665607642241101
-4.709135588993833,-0.6036959484631677,-1.6636418109242266,4.021230516170281,0.21984376111919993
0.2171113779071776,-4.24728513524724,2.284943693596553,-0.16158234919755543,0.158790194016968
1.731579269421232,1.6190858092176033,-0.4577961166993729,-4.176310025919312,0.11157538133332115
-4.6330365094260575,-3.8386969708738006,0.24733405539585185,4.5321029028406805,0.1327127230173202
-2.906494155417423,-3.498744327735883,3.1119514101658936,4.714130907198106,0.04929392678208594
2.2651746672969963,4.881715146122135,3.1031592952273783,-2.9093125641939532,0.18835851241444776
1.7259471155287942,-4.253778154735114,2.8840213016248315,-2.7811442996784663,0.2588518152919098
1.2562366717253317,-0.21461404595676647,-4.368461592597096,-0.8811247660333388,0.10881846122351505
3.4602843521284488,-3.0909111884732754,-2.4479240093410484,-0.1508969664586166,0.20063318823148496
2.5026367715457356,3.100488581086264,3.8626147055425033,1.1137035437330445,0.08225141364680218
-0.37573046986931047,0.7687428987199905,-4.461144767266392,0.23068835239630658,0.14783260469932114
-3.5380475056393026,0.32766711623321143,-0.8353235350926607,-2.201299912886412,0.11846522596272936
-2.0210697269735967,0.10024625005358523,-3.0639791095158064,-2.3900102703570503,0.06853102867926109
2.8693787211620165,1.358849971852738,0.39564815927393404,-1.0973863646882585,0.06674676756536682
-0.21069786772541121,0.8707272739477148,2.6615949603063616,-2.6068690679980753,0.1574352769850008
3.991844562256725,1.9506543154456493,2.9670316439542486,4.229361884622229,0.06829982366890186
0.29517328695917033,3.45078582375503,-3.9023510496964873,-2.8970634206950576,0.10197662992765202
2.123495320120128,4.131903326661323,0.6603078383247372,-1.8672007786823785,0.09144881191830137
-2.2324997917849165,0.5781915103230748,2.5439537200588136,3.778927337325433,0.09526711629352225
-4.996251915413749,-0.2785352189697221,0.24176591481442955,4.640847296000441,0.20269571580826287
4.96979627108178,0.9010342188362745,2.800875133124638,-2.1043371474873442,0.20012209977140816
-2.307735594418525,2.177461466643522,4.535643649845069,1.1726226300086706,0.15893293247250484
4.9057167205527925,-2.013096011511122,-0.8301198079392442,-3.558490184254853,0.2301814482420135
2.2252185505614266,0.46591822351567647,4.22187017581807,-4.0883846826368835,0.25930305060233166
-0.8902871382618125,-4.389087354657095,2.939495369235204,-1.739070584653506,0.18324471085106014
0.052556723298538444,1.4878641294150494,3.241780658533809,-4.824845228812204,0.24047960434382504
-3.6908357921589205,-0.18046181749523527,-0.6990483726395738,-1.3895126472255583,0.10481257754523365
-2.9444215442484367,-0.012766567140404916,-3.403253024125772,-2.3928594371314613,0.09565796991918561
3.233947074215422,-2.6745672148513933,4.637602242080273,3.4785432858553555,0.18354805688756068
-3.3231682001534057,4.098711031376048,-3.4930060269110808,-4.164238096425907,0.22068913619091257
-0.9284486711890141,4.866351980912,-1.5957546963183757,2.385499667928384,0.22025271825465428
0.9394132457829532,4.9935035665263054,-1.7473155328525225,2.0068978628314857,0.17362148004708136
4.2711814096826135,2.3007238195199555,3.4302084504637076,-4.723588093731323,0.25673140412984596
4.294006926784162,-1.9306838602315315,-1.936368929465735,4.116474623225226,0.24558038038085675
0.3561305193762978,-2.1547413650365344,-0.6947990930190677,-2.0429205489850553,0.08885260463264191
-1.0825044563532895,-4.3686647940393994,-3.904592954318906,3.6734324314508395,0.23729424985337932
-2.326567126069381,0.23421867210323732,4.569156894729497,0.5263344867478708,0.1361165477345588
3.1906552882093173,2.4895047089629703,-4.579478886869736,-0.7525081913953269,0.11413419877801158
-3.069294877500891,-4.256838156186374,4.774042632604342,0.30697888882288726,0.14174631609841243
0.3801305511890014,-2.8397958205274767,-4.352791946276572,3.8976753833619,0.2551958695602487
3.2360580129981855,2.4471351632838942,-4.801991670806962,-2.809563974366788,0.06172224407709835
2.4648135314528297,2.6878272531067173,-2.2520220417878942,-2.040124675375167,0.009667247720465288
-4.770851970201252,-4.967041560409127,0.8694162664605107,-3.417437940145044,0.128911581636913
3.7782028476105918,2.489819730910784,1.812197971455987,0.35092449189796326,0.06120123927646771
-1.4715258775361173,-3.315115547091303,-3.294129898597964,1.8151388729330105,0.15685469379238876
1.048081010988903,2.8702278164132284,1.1735650482844981,0.18563215219815454,0.05918006282939774
4.884139699682187,2.0783456928862503,-2.3318956877648587,-4.9829694986571385,0.1213032043063033
1.2449885916147014,1.178390478241412,2.252572193440333,1.7861261498067407,0.014292146697205927
-4.725390976252294,-3.7865318325655295,1.8003037849561396,-4.49277533432161,0.1872892075207897
3.7256209688145763,3.2734374996745608,4.977453870833106,4.077964705047881,0.031341099469942325
0.05370712621229767,-0.10504766961660028,4.553215801892318,-2.778609722031271,0.21974809135486503
0.1820681697136175,-3.0625749934412827,-0.10812651088001957,4.121748483644311,0.15108513392732195
1.5317021046194998,-0.8628976359091025,4.308015135290361,-4.117053203475175,0.26899182976504
-0.351466119893753,1.0665417923534735,-0.5586911140720883,-4.395171152415365,0.11803497861824258
0.20612178458162944,2.887915760572212,-2.5851128380838673,-1.4503993641170796,0.09027921068311391
-2.141745169639254,3.133470762320126,2.78193919462439,-3.647287274894185,0.23548935923506323
-1.6445546483996099,-4.460662359543422,-1.9022754669396083,-4.446204680062903,0.11923625587630093
0.9736174262626305,2.287985660590188,2.850468926292301,-2.3281058909428767,0.15568300047031214
-1.9164150229399715,4.524274722475752,-4.637685286408018,-2.2813000404842096,0.21187065519793324
4.626502660586073,-4.143784416607455,0.8057817148526167,0.5746002513118045,0.26302012210638187
-2.9694060373024866,2.1961023963956814,-1.2431546621766665,-0.6014169304482575,0.15760609459090835
-3.809677974823613,-2.300284561260896,-0.8099308513389936,4.688964032388093,0.1749894722224332
2.3848844674832943,3.1113970425446595,-2.525693215661117,0.830215691348636,0.10486035973676658
-3.7493136568365957,2.1028555476336006,-3.9139766036983548,3.177164336759354,0.28869452332229384
-1.9654405262169927,-3.080411297897779,3.438872505990936,-4.966699750749083,0.256947479157872
2.2494171288336275,1.7690882569794102,-2.0052115636555556,0.7471467456479886,0.08203231389113544
-1.8989309980674962,1.2963357051931998,1.9561187605919192,1.7893231913031995,0.09513458229642038
4.9257389877083675,4.997254520304011,-4.118043862015677,-4.8066701535928384,0.02047408864176801
-1.7322723757894218,1.0386842927835254,-2.1064242517705214,-0.03823412820974248,0.10845124099243109
-3.8152568684964616,0.7337024717689218,-0.45216720262553434,-0.47666533609413,0.13592504280694634
-0.5751332620844405,0.9031082173617584,2.5540035172910898,4.289817665784151,0.07160899302154507
1.3415742368136305,-0.8343185406668674,-4.992757443695352,0.014024252419200245,0.15682417656661496
4.294588469456057,1.1605933126938375,2.9309017973673503,1.4612435964101795,0.10758249987348462
-1.3221597685674515,-3.4045321382824323,-3.2250616802269216,-2.8176296306411617,0.06216949024887031
-2.8713107363791424,-2.178057946548945,-0.8233416048533098,1.8308869797600549,0.08409408800906366
-0.856711954661165,-0.07734172900207881,2.5239568503884513,3.827315761109407,0.04745450120114602
-4.500374203167079,-2.7227548996546624,-0.6082997520845659,-2.792851329192211,0.07975772055497023
-4.1653006113414985,-0.5942519834549733,2.0454722132685257,0.6997875630759252,0.11006933930557783
3.294534189486356,1.0048394187878866,-3.1119012234884402,4.933368977984802,0.2430708521712648
3.842844843618174,2.84627659013848,-0.17209772161673964,1.5294914643826028,0.05619146240473864
1.9032797868696862,-4.185698930424424,-4.749610874809628,-4.5144224178871175,0.18143853657776235
-1.0879429330443715,1.3129458043365574,-2.629087833967315,0.05841401293280146,0.11322054925944065
-0.19107889994705562,3.9867828076849996,3.35145314195651,-4.99652322215824,0.26710715282878317
-3.0679656988964474,-1.4006812719733883,-3.1476286463876613,-4.374975474333555,0.05871229737779529
0.1309730105915925,2.7388777611583537,-1.8888881340022436,-4.271403005719873,0.09993398779895224
2.905549038900835,4.699115208991023,-4.759127091064926,2.2001876314779567,0.22024424151318184
4.194509341899046,1.8482504204559032,1.32766789087135,0.9371069608326525,0.07231014870857075
-0.24114569572058464,-2.4539748994824793,0.06495769488474679,-0.01013287098473814,0.06643001450244493
2.639577014837692,-2.9355373940577656,1.8413621187378837,0.549882473147485,0.1749966216326757
-3.597926148160926,2.032548564623543,4.3389397720466025,1.2026738942908484,0.18388701252351053
-3.8524433730894616,4.076836857636463,0.3476176416886041,-1.4950183248787932,0.2376785034646509
-0.4054887322411913,2.679709863974324,-4.874491439162375,-2.3122918952087144,0.12593289108525052
4.789801097633653,-2.2214919196371143,3.91537161680645,-1.1052497699851216,0.270323821172926
-2.340987156234192,4.11262422434196,1.8101656152419103,0.1602038327813018,0.19406763088493395
-3.0839442183078445,2.098933231566228,-2.237122734896033,2.9322350585506394,0.23004983097951687
-0.9013778574915552,1.1374035568588887,3.722285829078796,-0.3832405469644309,0.1311882531955036
-0.6818560004524619,-4.989468607485144,-3.9862751480644407,-1.6115652178425508,0.1403793708182904
2.6327074884541535,2.4230078604313263,-3.0052243671576315,1.4250829388651054,0.13194192005718844
4.47601634187216,-0.5508092690712632,-4.5236266855054446,1.5848421914444106,0.2239992577742369
-0.8477798891610817,3.3506344231610523,4.378939416634264,-4.229873979772028,0.2742549378677425
2.3358136130462794,-1.892147844947937,-0.20807959218498517,-3.396135002120839,0.1661075717234845
-2.8446531770958385,-4.024108612354959,-3.9728896176080397,3.0461454739093465,0.20910749856966582
0.29691916580675226,-1.086797815776949,-2.9066326140639145,-2.6516116090515087,0.04127103417554398
2.1514052769434624,1.824796836814901,-3.8579904700618792,4.495760069605383,0.24891607214735423
-3.5350979626724257,-3.3188702659130986,2.8363115690984886,-0.5626513178349608,0.10114451630222807
0.17378261530775685,4.997485695445523,0.6606225330023534,2.90371244089357,0.16530377611383223
-3.972597687011051,-0.3622761449213989,4.175666100516887,-0.6901699553652243,0.17180374573177518
0.6619175141989135,-0.33469341483505843,2.2379642387543752,-1.6550512361799186,0.12313530728556421
1.2655273608963045,-3.5268335307881626,-2.5070464322242247,1.0955660979234603,0.16996836300233112
-1.317865574953485,-4.479171667567993,0.7266645418623892,3.3026552690513764,0.11548078705853809
-4.067877543075317,-2.8358817188746377,4.332985153705719,2.790701509863802,0.055912392010269776
4.950484217432924,-0.7806221119828276,2.2620632665081564,3.729819913101915,0.17235233696694
-1.6396967385129613,-0.8960969607907829,2.62716327082636,-4.492496408623014,0.21168008449271813
-2.9935489256640793,0.1653169881410843,-2.285048102772108,-0.532061128847686,0.1127156593489825
-4.56931582434835,2.0963684342372604,1.723690821900603,4.574572521433613,0.22482116862735252
-2.9481330852345176,-0.19867515513406797,-3.3050811206171806,-0.25849540092922485,0.12893798447729707
-3.747877953311962,4.6690963847900875,-0.3201645539336688,1.2500556562467544,0.2607825536055555
3.2814847760995978,4.3570469663100955,3.9060171013663645,4.893405375609829,0.04587724940763504
0.3393110486548645,-1.6907704698051216,-2.09137033809508,4.346172726484324,0.1956354089548028
4.349048984534619,0.699688641804963,-0.9459836870252403,-1.2298812622259336,0.1103190724968777
1.4097034235117958,1.2054359560417707,4.9780931960602555,3.333330966609566,0.05018327496274517
1.013511275839683,1.345924357791323,-1.724923768854505,-4.802691516446797,0.09150789537603882
2.43395596107535,-0.32024099607081524,-1.0979945628248777,-1.0487925109881568,0.08220067195255285
-4.983627649592087,1.7291581779183733,1.3403218032541355,1.7738393775111145,0.20246299737541396
-0.3015688553262619,-2.5482389489866195,1.510037137141774,-1.5883742689091376,0.11999490005988726
-4.712136533000671,-1.7416881694314865,-3.568589761353186,4.5358282393896605,0.26666884889668313
-3.4634858127197687,-2.4172873186019195,1.277344938542731,-2.5449837245737195,0.11526881009641704
4.637608488197708,-4.10507928713041,2.152423615464798,4.5368632337129515,0.2636082207954321
-2.5660827930071206,-2.3786936061405717,-0.5315991898597092,1.685285370147236,0.06709787191076141
-2.58418220883871,0.7853911646315019,-4.745094884221492,-0.02432452475041913,0.18180508581360164
-2.0046557282216515,-0.7867881357902293,4.233925371778703,-0.8922207310689609,0.15375837036390422
1.7004690148034642,4.227540585637048,-4.381400171308298,0.5802876051476593,0.17339411324287293
2.3218657183425995,-3.5322477651354536,-2.5039563157708775,-3.585240707467924,0.1812868413900035
2.2441378135555023,4.710188586227556,2.299393983865409,-0.6718883908416782,0.10932470221966233
3.3272036526806144,-4.723811649810897,0.47596593388313124,-1.207730670201952,0.2510267717794513
-4.716059097488205,0.14883122818226013,-2.968625878597094,3.1561997645314985,0.24551249602178127
-4.0489122574580065,-0.3362119576771949,4.917294741110306,-0.6272692831929616,0.18956773224618784
0.9137850488030494,-3.8322088487911596,4.9961456591805895,-1.690921958460355,0.2570168722254713
-2.6905292404634027,-0.03702293008864377,1.223035468914107,-4.427292273831683,0.1789315384393439
-4.228312801793796,-3.3887216867775116,-0.31676060595389366,-1.1412455709525302,0.03328321452773836
-0.5680363696134201,-2.9757587510958805,1.480082975292194,3.5045347835172187,0.08905171878095748
2.2446561200297586,0.9083664252501702,0.20636715392228666,0.45594063535644747,0.03986440820693884
-0.4846262581309144,-4.786785569956536,-4.0545524634421355,0.768946266518685,0.18288048973876053
-0.8825972691100761,-3.385901532899976,2.940121248086294,-0.7688370992445916,0.1401403602962914
3.2586620435505793,3.870924473490012,1.1263684430085679,3.9014023773118893,0.08681644302662071
4.613139555505541,-4.074841638460104,-2.5397595454526014,4.915976623910058,0.32403346279670764
1.8049684023396741,-3.412744759045573,1.3262506721104863,1.2737356365630426,0.15616628571495916
0.8717805503091922,-0.3352230063757835,3.5534812783347025,-4.274366924166547,0.24050909914045274
-4.998944505755643,0.10119150043174052,-1.755317871886899,2.346936681554337,0.20546912729661637
-1.945476978707965,-0.34906857426061233,-2.1138621695542517,0.7322119121956661,0.10183646713306738
-4.504764258579582,0.3744560102731489,-0.4586030210902736,2.3162322134095827,0.17521993109243575
-2.1228709449637906,-0.0854083269883148,-1.2820579847995406,3.6990428608457204,0.16670945815902757
3.939089443521505,-2.2781324404554915,4.475229808554282,-1.181559681823674,0.2641048749202753
-1.4825352703560024,-0.6696692900127044,-4.7763512509131365,0.9660507084419878,0.17589952376863977
1.915904913790393,2.728839674814618,4.439395957997043,1.1298320708167084,0.09937857043058522
2.317306324108827,2.230970821458433,1.6281135515273837,-3.6874946573578593,0.15921207724817452
-3.4373215743067744,-3.43915517572556,-2.120914065400595,-1.941146863739851,0.005369011953848961
2.383700512432765,1.780221251836128,1.373771344632674,-1.4682658176075005,0.08869592393389528
0.9877050821221642,0.35615514478865595,-3.9174845106645604,2.074597540216459,0.17815519676174996
-2.309159558210998,0.8296984788246595,2.0108230688266158,1.900877169677825,0.0935543352303893
-4.089335993859226,3.661720457466238,2.5987032180978398,-3.0978441696785275,0.2727996842917335
3.6404405651541403,0.32614027114735755,2.5848158521000073,-4.678676227696977,0.247977045203758
-1.132978964958494,2.33269899016088,0.1406264391508225,-4.275698548068076,0.15904928312993058
-1.8142865525651164,3.831644878287735,1.4880079949650407,4.121735555956592,0.1936041327811768
2.237380138978815,-4.228879884561854,-0.8778818000260822,0.5796123843229175,0.19365783576087703
-0.7643493379778477,3.3921806130803844,1.8177518353477993,-0.46171660165155526,0.13530987003488373
-1.5209519858675469,-2.172324584304665,4.804368094827897,2.8740267843621687,0.06281547772688265
-4.735559285697384,4.03469558890375,1.7879239936874667,1.5502676096399934,0.261553416255186
-2.984123882537114,-4.353045853568977,2.1731340849070406,-0.3651847828756427,0.08992231803947792
-4.23677857963598,4.11605872845047,0.6919199760262273,-1.8497504397799513,0.2532834282932456
4.65712685240916,-4.3386568353708626,-1.3023828939718465,-1.23868865472472,0.26875320320151763
-1.5068816686100006,0.8967354651683221,-0.1863631394438805,-4.314917355116245,0.13615080707811822
1.225818347839179,-4.953504971824647,-4.350388862117038,3.406012102270024,0.28090923543358987
0.8340461462700066,-2.220267186850493,-2.573375076217296,4.5912253453820995,0.2238602745366102
1.7743699047592845,-3.373441584138642,-2.265026500375038,2.4759480501491176,0.19798225217195395
4.348201716862134,1.6063007480590343,-4.390879194871994,3.4931540424617182,0.24129180249066082
-3.46564975330098,-2.6954096724487,1.2652541902623415,-2.7825926488104837,0.12079165806283156
-2.383643042439444,-0.8000991833743107,3.784009161679805,4.131152244129327,0.04952010909296068
-0.7907161759681465,-3.8443535748646096,-1.292714864048624,2.4652005176460987,0.13712710336432138
1.9008463533333178,-1.0952142047863656,4.970288378940921,-0.3063440709741716,0.18941139002559493
-4.748393312798777,-3.597166492794037,2.019257088553755,-0.6723893724157817,0.0841360141138532
1.303844038132958,4.148852334922648,1.6848991892894407,-1.087278674871801,0.11235538055763351
-2.3500497436326584,1.0563913933067752,-0.30256412912919917,2.18389458571198,0.13223963744369627
-4.924572385368153,-2.3141056385723315,-0.4523579681843346,3.2956602077863906,0.14311954659197787
-4.704432706110634,-2.484462652075284,2.2161326888966393,-4.499211671748161,0.20473248253470722
-2.4637610032928037,-4.426712590807847,-0.692357761887398,-4.707547768185915,0.1390437177239968
1.8197128903103774,2.1345875605680567,-4.640130274998839,1.167350993628867,0.17486490208287195
-3.706933670893907,-2.2659421054456095,-2.793482320637115,4.212505800667893,0.2182268691838869
3.2371673056037977,1.934110028164632,2.0606109192130777,0.5379254616514135,0.06294772904948974
-3.7166503661318195,3.009570832207814,2.6281165248368508,-0.5558825127787292,0.2132632229554029
2.2362642165812296,3.998890477766416,-0.7741743616206893,-0.3380747692083208,0.055598785454717296
2.286540576733759,-4.4383573537406695,-1.158353692107056,-1.382984668231726,0.2018693662800599
4.803636881873903,3.0148590012163794,2.501096634668638,-1.7803480471607491,0.14381134085548847
3.300267672668097,4.413918022113309,3.560733291136561,4.30188178229656,0.04188563160336209
3.6681872132277977,-0.5705127883486654,0.7650438195524831,-1.2429627197320583,0.14580876567501105
4.528232076953472,-2.9459361534528448,-2.884674347424813,-4.9265764838641655,0.23774485993165795
-2.216817196364836,-4.005297639851239,3.386575968953,4.101088693571366,0.05545785297153334
4.893624960719796,-1.184550782642658,-2.3866240308387843,-1.668611437302018,0.1807307136446059
0.5311490725299359,-3.980029244296878,4.05855072917176,-2.4706505827262237,0.24863939872474117
-2.4410482845385917,1.0372153276697649,-2.1969865311677017,0.7654842576953866,0.14349870535279177
-2.3146559699775917,-4.739435505313679,0.9530651451059899,-0.5021454140626904,0.08837567112033268
4.584149068940889,-3.2430726707808377,3.14957728846648,2.5357855453543063,0.23664100246172523
3.000080058312035,0.27461072742709014,-4.798812813037813,0.4234711052592566,0.1683605423831996
-0.5385888602593063,-0.6310964569910809,2.6130928190868,-1.6574315649652913,0.12799549708167235
3.868721905644767,-4.0614065952802925,-4.741732370282775,-4.334010286497279,0.2361184027388797
2.2755830586761006,-0.22516296202824382,0.04752777629962868,2.9861506888703406,0.10922169329627913
3.3027339526749415,3.0257978284874003,4.860924305372048,-2.109370201461619,0.20942154243714983
4.157575880368057,-4.933130704929251,-0.6705003071540041,2.401756600605191,0.2776010620795966
-4.6575621253093855,2.090268476047374,0.9613565480164663,0.7626061547149456,0.20120254699682874
2.9968730029795863,-1.8742270224465951,-0.006005541428566019,-3.5856278970884095,0.1895618333793148
-3.4134995880582544,-4.787639585334906,-4.367817771067681,-3.0740611289677746,0.05338782489998095
-1.0746082988413064,-3.744641512454078,2.37227295850688,-3.020079610901166,0.18725435646544183
3.8300058086934143,-3.5368496772550895,1.2784339297574743,-0.839039032450807,0.23546419589509557
-4.435558524676023,1.4178043172506163,-0.7260855505716002,3.430770189132641,0.2250221020626667
-0.7399543069972117,4.763674031251497,-2.9020897652388933,-2.259687410568775,0.1676492854692666
-0.5944122068152415,3.5883459898291807,3.894335714942306,-3.6877340118699067,0.24712507104318718
1.4997542856890513,4.66446001476433,3.210894628198824,-3.9441289807905546,0.22463694254145058
-1.1269068210862168,3.7679391020806747,3.5278545692865872,-1.7926924240208866,0.2045267538125931
-4.846245165312829,1.7442190154924528,3.2585289449275017,-1.2480732149585814,0.22672094647651173
-0.10547935193446278,-3.8504094081102815,1.760768037437833,-1.2992614964973193,0.15184045702781093
1.2433017056632334,-4.500261101336813,1.2922509770490045,-0.49122316170094393,0.18507115750449926
4.4927216949563284,3.9288651426073145,4.086214263539052,-3.344098132514628,0.22453990491062634
-0.5941807200868059,4.18398140580814,-0.9875930039078025,1.8612118156150874,0.1738252061949814
-0.6905072788401849,-2.1687882378127377,3.7232961182548934,-1.2755435079224533,0.16023516833388177
-0.8314270014808685,-0.09205659133994626,-1.3656298806863565,3.0382171830377676,0.13577337907157927
2.5445214941653784,0.4886570812573021,2.5668083653511164,3.5256747908525945,0.06503625665772715
-3.838879046165522,-2.9075154466414688,1.7298110582346693,4.852438337928618,0.10018296256613508
-4.327935899214164,-4.259126614588851,-2.9811449542781854,-2.933947766117806,0.002613907601888536
-3.260581086465982,-1.2803965669551287,3.497067973356083,-4.617823139518155,0.24361695508080008
-0.2411772825215861,-2.4625727319694493,2.470500173171488,4.000455531138098,0.07658424565818366
2.1302960293114195,-0.788962248922644,3.787672047672345,-0.0198023895104269,0.15053479095860145
0.6267146291238728,3.0218892087591094,-4.227254701593881,-0.7682168675269674,0.13182211181213932
-3.042834315393703,-1.292246008378223,1.2202841589384903,3.3838507307075467,0.0873724954979342
3.46905614496983,-1.3276515697316427,0.7760836742585386,3.879583592348901,0.16242257028876034
0.3765969618399714,3.0403232718297755,1.2057049624970828,4.358690031861597,0.12963009923100458
-4.660342942705409,2.21602675559902,-4.475791789592675,4.4707804391278145,0.3540502436442542
-1.560274038814108,-0.6499419548887211,-3.586154276098086,3.6600603441455775,0.2211590280002148
3.12066565462586,-4.489208816772593,-4.337335130753753,2.862422633313786,0.29633282368237823
3.4864121680113254,-4.741398389386263,-2.7448257786593864,-2.0027374855433253,0.24465435127204752
3.3296402279728063,3.452046616847589,-0.2789771770398364,2.7514645441753096,0.09105785298586577
-3.5243754599204777,-2.7935725675812972,4.4228367369094155,2.679301940809532,0.05436378140720527
-1.5066034028260789,1.9593932038504036,-4.509822929394808,4.648064218373278,0.30274832604604895
-1.303719885189627,0.7185276639527771,2.0009497671218,-1.9661406775058299,0.12734491176183407
2.6189901539270535,1.0485448129996549,3.805069310551305,3.186526181731475,0.05223700006526614
2.0955899754797622,0.6568858985329467,-1.238121389653105,-3.8680572273488267,0.0935005052402119
-2.891095363356686,4.643102530957709,-4.713283999319047,4.007652323010985,0.36200412681592387
2.628728105349241,-3.5445167863424865,-4.988954708497383,-3.522014863286139,0.18516721794746996
0.8101685214308372,1.612169171412119,-3.226178649389513,0.8807867348564695,0.1275513142150664
4.097554312806558,4.935500495717179,3.8852285942763203,-2.1148044378484965,0.17850004396373642
-0.17218928398315825,-3.7406394420647993,1.1904150463769128,3.64565206860836,0.12298737736156061
3.00054679420216,3.662445357106767,2.2613789323947415,-4.711674060662974,0.20733176527139957
2.1343847635958078,1.0272637996751772,-3.0090582323909354,4.162356997236422,0.21348181842086988
4.587584200243535,-2.3129193764197185,1.4123659492504572,-0.2873634283823181,0.21758827265771824
-3.6045087357245786,4.808269682303937,-3.920893240800175,1.8043686313418403,0.3187433712471604
-4.20415825712616,3.9161337551701063,4.441141616477394,3.2804912213966126,0.24160643840555304
0.5801616072891456,1.0124938671055697,0.4324665128660419,-4.907799464463205,0.15882182672645137
3.498357478134114,4.814932471638464,-0.6186952390445102,-0.38528789177898126,0.04069021478562985
-0.842075627503923,0.5568005402886236,-4.182135784352736,-4.516000896850492,0.04196521985492982
3.3688969918902796,-3.9932389764860323,1.0791957847484213,-3.1809383740074217,0.2656195359855696
-2.413374471805655,-3.3272845001051907,-4.816105039538636,2.3718517217219306,0.2137637570393642
0.788755765541838,-4.266199780461908,1.75160560260891,2.2994073314922217,0.15029363142834465
-0.626983174247334,-2.011408944541163,-0.04523214820583554,2.871374163319489,0.09251404312669428
4.243477309506096,4.17966636652347,0.30592946710027924,-3.10797388211983,0.10228312966565763
0.508108563769925,-2.4183855894569906,-0.7360376028233429,-1.7563247037451681,0.09563386657318416
4.150199121260311,4.661869902645087,4.257178047501473,-1.7059750591664358,0.17732799837662272
1.1906988837499703,-0.6803286442404914,-2.3871790068533905,3.513330498997039,0.17937907055925273
1.1968037462091274,-3.639945327766325,-0.25653967731875404,3.8756924253178227,0.180061538278343
3.9096915124481253,-4.268050141777904,1.6776690349564198,-2.345132941096282,0.28357220352995105
0.5279833304110166,2.6826855163037564,1.7620937636222678,-0.3620149867754492,0.08557891920931741
-3.132520974608589,4.426787109039163,2.1003942591877625,-1.6443002838019694,0.24144979952625942
3.3525648536192882,-2.740888876168258,-2.3809460434696317,2.0364053250485457,0.21349034547836393
-1.3607110541048248,0.5654325601146564,0.9210146050386916,-4.632863573107892,0.1699390539087267
3.4031314032214794,2.303854482611671,-1.3729040742660037,0.41479894575000564,0.059731909573723596
-3.634317799581712,4.226449546286272,4.842450514178484,1.9261392175064493,0.2419319760707151
0.57317393865599,4.2757441634643385,-4.8373855991526895,-1.7095899525765343,0.1522205908229816
2.6446461076162002,-0.2370480710697631,1.0897406247368178,-4.424535603591071,0.19386391377689208
1.9482336227582229,-1.1825967973948415,1.034821505214354,-4.94126736787496,0.21022425474877715
0.3593610650896846,-0.5331867088681976,4.315048671098491,-1.6367740259762664,0.18268015626098438
3.108085391265524,-2.88146513634965,-2.9972893044621274,1.3735643237640316,0.21030716960323975
-2.617142817840702,2.8884322066241523,0.5509849191821701,3.8706465357559736,0.20093013082807282
-2.1217965070391243,-3.620360745404436,1.3347517281902386,-3.5241550667906907,0.15644804074000337
3.837235486960603,-3.8967325120282084,-2.017063775640966,-3.807811870428719,0.24275265627372425
-2.438839368938451,1.6597476970798688,-0.5747718945621161,-4.258226263253589,0.15591398698496967
0.9677891283631901,1.5303301177499176,2.905553788577353,0.7913807478168264,0.06367761551072623
0.2390958597534567,1.5270569409420318,3.70828118502239,-4.306419777250098,0.23866505432374296
4.31624136608092,2.3695901452750583,4.257304738736563,-0.7772511345474884,0.16697856468663314
1.7074290430854466,-0.2664495502204156,2.025461380746898,-0.11525292463827341,0.09149626016068137
3.045956613409368,0.1800368029452004,1.445950418902365,4.235395138356997,0.11312005704029353
1.4439914387266874,3.477814506845519,-4.850120311653773,4.654317052759753,0.29676246223618974
3.4182695249921817,-1.9025099497248754,-1.336370568943325,4.224781649812542,0.21770417501683928
1.6905139864331336,3.8035783832790475,3.8544733155486064,-1.6999706311870302,0.17136135728085528
-0.49282340585043993,0.5144617388468866,-0.8314250970636037,0.2007310582818569,0.04532364741693394
3.4739361956118504,-0.5319419414864939,3.842948056235107,-2.9306579868916693,0.24585666463425548
-0.196902363665588,-2.2738390985691304,-0.5057285597475065,-0.08423542019210561,0.06204990618202522
1.9898570085597855,-4.665929086636781,-2.7923117156219046,-0.4943997128655475,0.20358238712690238
0.2154179156858982,-0.11641373460387872,-4.220320912623812,-1.6333670844354464,0.07693581117854419
-0.3815643568676963,3.992980407224767,-2.690947099185421,-3.2844878753422413,0.13012493340437767
1.6682320633915104,2.477917886413495,-4.5835959537164515,-4.575972605593602,0.02423211514882963
3.4085967988242096,1.8784138887707416,1.9622583477677544,-0.7702969441529328,0.09773219505112045
-3.1785882535472796,-0.3569752525589358,1.5002188506282854,-1.475813305853574,0.11600366887951255
-2.0590466746950886,4.197589762113578,-3.4283718294383627,-2.4663181316352323,0.19221374217323506
-3.993980964045604,-1.1931227517756393,-4.074271622777326,-4.965410937896955,0.08516653639870099
-4.111069793791772,0.4440384497608978,-3.0738766671928186,-2.284506792816993,0.14063328124048086
-4.040840227591306,-2.5114149830339527,-3.14304494052716,-3.411626495512401,0.04558707773913082
-2.226567231396394,3.448001766288577,-2.56777674027989,-3.152119979796554,0.16871529676262526
-2.742622662823293,1.2883814459330765,-4.97844634041726,3.065423802721405,0.28007591050813524
-2.2378492394610627,3.904499874273812,1.9331806093865511,4.701426306651367,0.20919623337318324
-1.186360300305993,2.680145693795768,-0.07429431284627341,-3.196054947456395,0.14074177516375935
-1.6164906059120576,-3.8626870775243805,-1.009721711640652,-2.389029822053099,0.0824111785933464
-1.6226479052985088,3.2481369448928294,-4.656758735656894,-3.552528156237058,0.15265910308705521
1.2044667061526457,-2.9714454009198645,-1.4853398726443068,2.498876203056289,0.1632581502784145
3.9442756581415512,2.545531192391315,2.1067749146379198,-0.6869737489295078,0.09725437785960003
1.1609882477879117,3.991043416508454,-2.1993677820198174,-1.845356449866713,0.08636477870708227
4.784789336500289,4.092739324994039,3.4804844023851764,3.774479547496526,0.021613879489989503
1.463488488489288,4.5766594261361035,-3.6600579154438098,0.7027161656578338,0.16800143358650096
4.554514884116861,-1.325076565150487,-2.089184911323465,2.5970568675381935,0.2129741388086585
4.856298602497159,-4.567946131153033,4.421774071585958,-4.050577147129342,0.3981575398274201
2.0283815985025218,2.0710257411389303,1.7848749686274301,-1.381543343806749,0.09454089546814688
3.632362930335077,0.8225671963012289,3.546132502809824,1.3998304583794132,0.11093204800131144
-4.112703398693299,4.6015642106196815,-1.9901849569846473,-0.4873296291617102,0.26898365589742335
3.5610679582422105,3.9080923124609583,-2.579689092497569,-4.572793025306348,0.059401543409493836
-2.370329346787743,-0.9489326851020028,-0.9503363184469933,3.1083706829965436,0.13271228487885997
-2.0819275830715753,-0.17004325251277663,1.659354830190921,4.8558487282454195,0.11639058919299114
4.920861723441389,-3.2101625308889448,2.636880991534385,1.2378336691836083,0.25095478922023173
3.8016721599012726,1.3764541860263932,-0.05064887754933611,-1.8985542302307588,0.09565769154610274
-2.8108883989132027,-4.9604244399470865,-4.399318432200331,1.1322282824806322,0.17102048445608253
4.4325970816763895,-2.5245018995556325,-0.8236456066487268,-1.1888489020307347,0.20942379798494692
-3.1419811859660776,-4.186158788206803,-3.4241298210150193,-2.629692022948414,0.03718874320516715
-2.506632765681701,-0.5728475015619896,2.819148288614234,3.462992384630981,0.06282238798131899
0.45224376196950544,-1.3358151232624325,-4.337992524000089,-0.8755337587279453,0.11140769925488422
-2.37428021122273,2.5794715271844044,4.239460396676643,3.918279569480834,0.14740369233435044
-4.5540044855211566,-4.119602621059474,-3.9975793726555873,3.8777943508441233,0.2371648389715846
3.0253617616774893,-0.6049145025747844,2.248106789970202,4.568033361573248,0.12251479423925406
0.14707256386171608,0.8032436993902099,-3.9870743802504336,-0.34793403222737673,0.11256200716863414
2.094593346334774,2.2354980669514664,2.1242009997394398,-2.4721371866254893,0.1370382993399209
3.369396280714529,-3.432559126381891,-1.055991753174287,-2.2431284086079017,0.2100697186690619
0.033004707896187035,-4.490313749900721,0.2298287129366159,2.87475929933429,0.1493181447743733
2.834588520185264,-3.473038268825656,2.641055076999929,-2.6542020057268143,0.2586356195600132
-2.5168475622746445,1.3763954515237788,4.90481801992658,4.39344958278806,0.1157936932963013
-0.04143640221103784,4.927219999100124,1.001379283441878,-1.6717148670159232,0.1611236022113574
-4.9901597066606325,1.4703189446496499,2.618727828732758,4.738294079121813,0.20950314190505195
0.07098013644836865,1.1947172287403198,-2.2402807366323376,-4.845323418580911,0.08151753009931866
-3.7050661630161255,-4.890194493976956,-3.969814049122664,-0.7011950241441358,0.10038932739397109
-3.0686658097126642,1.5443410504838528,-4.479082080790041,-1.790878605987467,0.16675348182577107
-2.3767379581383477,4.411875935094455,4.641203358028697,4.262110374021347,0.2020836350598829
0.907674143336993,-2.5534831137621596,2.694574111526892,-4.884089540371801,0.2587818294810241
4.291930847004307,-0.2056225364303792,2.0920723817862052,-2.9426569992863403,0.2121007758671691
4.947747335512863,-2.665106761057938,2.832634804837225,-4.308410719171415,0.3280001977647252
3.0916403180335656,-0.9448317833955073,-3.428551246432945,0.30138149335848397,0.1554773964723675
2.848458061221228,-3.8598332852282926,3.6859128742744414,-1.1516976144895272,0.2592890575877906
-3.163795632936648,1.682234253227656,2.980934707245315,4.091511468878293,0.1519967298113053
4.880836472584093,1.0235345286578026,4.5787088934546,0.946333006275724,0.16649806778378548
-2.213644483523296,-3.1110185190383643,-3.0423499526103095,3.7435381983478297,0.20183227106415808
4.8912481506249765,3.10943268725857,2.320419363526516,-2.333499720748308,0.15412092787316603
-1.0863549020205965,-0.3846509325166334,2.618463824533478,-4.8269815488165255,0.2213791144954041
4.746826630572022,4.230715370535176,1.7435216630174954,-3.2998333091892462,0.15317120679565577
2.2143238136495,0.39956747932683445,4.505216651080941,1.2436787633760629,0.11645851545133935
3.50296419111201,4.429811461558767,2.753203820626016,-2.854002767894488,0.16701857634555825
-2.8832787537171334,0.8732004582123114,-0.9750553932605204,3.6672717277266713,0.18747915281294544
3.1058133532404693,-1.668383975303688,-2.1542899623167164,2.8843365638658707,0.19634442844046746
1.1410972682414222,2.5222751861822337,2.0097456560852187,-1.0774312166295017,0.09707588989346327
-2.3562693860247528,1.3424571189422423,3.746669510533673,-2.7617169021851984,0.21347699286783411
2.2230852702599453,0.5053076049766432,-0.5608910428533349,-3.193572005598788,0.09839326281661796
3.324854537676673,1.7266808136748768,2.3098008094827573,1.8099528070426931,0.05153837774670806
-4.5567287957030445,-4.695624237397831,-4.403003390978304,-1.8066823533799035,0.07729654936851589
0.045790918026991534,4.3830752566558715,1.924963084893979,4.353435521441078,0.1551212200966257
-2.6485218062209004,2.959683288599665,-3.7307679544262493,-1.163789810970842,0.19158257181084085
-2.5763224098376436,3.8512654454043034,2.954141259482329,1.2714758953296554,0.1934648560874929
1.8172869674774024,1.9089500792579264,-3.2720375130451576,-1.8948584022572232,0.0415505885064775
0.39121094482772545,4.714919110015677,3.8392061660274948,0.538660817923259,0.1541708974387578
-0.011974919870977985,0.9018037246496977,-4.832047753880474,-3.612455505568062,0.04780115270164108
1.097936678744854,2.6805338140443684,3.617640245826667,4.877409846590934,0.06349283981054678
3.6288854862520346,4.535990245700274,3.5712353148635465,-3.8814974826749618,0.22161430452136682
1.072058882945365,-0.9874872611245955,-4.137421345700673,1.7135416933915728,0.17924605897383483
-1.6076301212814892,4.705523843799051,2.2636792786142124,1.4577427304549637,0.18775005444678253
1.9794339011353577,1.9396049186276354,-0.3188240824819646,-4.228942584453431,0.11703157601002422
1.6151925278314492,0.11293187618081468,-3.7024995349913237,-2.4894630443702406,0.054684955647510795
-2.3508256857324064,3.2159468655806727,-4.98463048814536,0.5257087738063584,0.2461606278189558
3.144864934234768,-3.6575937639819642,-4.676919341816102,3.885823459207767,0.30978369832022057
2.214208499560205,4.813042697752621,1.552535714232163,0.4358061404629163,0.08128298251424644
0.5537007181171107,0.4145996138711503,4.296130825133179,3.009421938085371,0.03912441103424495
0.7262321504337752,4.536563406896141,1.0704240537879421,0.649303487956213,0.1132896398786097
2.616652248111536,-4.479876395774506,3.431033315337814,4.6865334760464545,0.21154375050518032
-0.9499792845912536,-2.225591742359221,1.269982228939491,0.543825124392983,0.045821022403774
-4.731796969974611,1.8240230525956207,-2.167331275695763,0.30070984669990697,0.2165556620447402
2.1615116745337506,1.8014001138736582,2.7902343529261042,2.0197358025031784,0.026431344871171707
-3.9701351908408764,0.8995090974988207,-4.312315767281945,-4.308554611313578,0.14559932121926142
2.2459825159943883,0.33267244074925983,-2.587487547733067,-0.14283934010632127,0.08795531562225588
2.1507914027430175,3.1327465758441004,4.163100987940439,-2.1790969367394575,0.18880156075631083
0.17254829648194558,-1.8166166509746304,-3.7711085405648603,-1.3732562474335541,0.08820912515316065
-0.878364317999333,0.1210038146529051,-2.7492413611174116,-0.36301083402710255,0.0801856549430158
1.9665081935112934,2.361095290271252,-1.4848418206887182,4.7437458592431945,0.1878208366071471
0.40477441446574325,4.294576478331658,3.4781199468700468,0.9717125834614784,0.13156623807542725
3.8662389214730357,4.83366010378813,4.242251223039343,3.4052135130951697,0.036205299959126226
-1.252688313922258,-1.126560570507352,1.3846125058612158,-0.32038750053756004,0.05071727969148556
4.360362736689748,1.8475370271510192,2.9260420115359427,2.6735275670196437,0.0762886068208748
3.4335036397062275,-1.023688424622157,-4.406856148455235,-0.527314069461938,0.1672280911608893
-0.04335901894425476,2.8844466578339034,0.45277646014336703,-4.943166365941019,0.17527738889240144
2.4931460759326187,3.235736372116083,-4.17497719393371,0.7275588004879765,0.15052930626250188
2.2356941692557495,-2.1565083636891935,-0.6378257252585477,3.7235245735350304,0.17507239909737304
2.947672066264113,-2.217285454954255,-4.460293105154268,-2.221836970613503,0.1617205984275645
3.8058796739260163,-0.15110575285658623,1.3669668492001659,1.6850870421604487,0.11768408835141754
3.995548111900618,-1.235656481880988,3.642547081238277,3.0993620386266567,0.15892442927414566
1.1201462050622357,3.206654963810717,1.8242912151519786,-0.27892147960008185,0.08379525124703237
1.8056181324529046,0.8368237996717767,2.1027096169362656,-3.7292392147670417,0.17972108383688273
-3.4010752392391854,-1.0963706044165367,-2.490652691076911,4.59800525083809,0.2296245889380399
1.3050579775838624,4.622035363307413,-0.6411965460535951,3.0696042864498345,0.1563713452633791
-3.756779436444356,-1.136494585243366,0.46519679918929047,-4.428686789308074,0.15854906996587553
-2.8795648014069086,-2.4935166772719954,-2.6073140922986093,4.511769559915477,0.21435790377280423
-2.395876695379334,-1.066864812167767,-3.353109632734469,1.0196124150115802,0.14056982586784023
-1.2932765969005375,3.728694838984648,4.390869249161343,-2.5868789923554347,0.24389798869967888
2.511027812281908,2.0618938656234134,-4.364298107423719,-3.2656391689691464,0.03415555985892452
-4.101519527299651,4.096610767945522,-4.826955779100976,2.3576375171383654,0.3424387939999478
4.0387911428651275,-0.5484528400517785,0.8855817669860269,-2.5858463798943165,0.18046672403415528
1.7466437607841945,-2.837009043118809,4.773551452289507,1.0406415423997828,0.18559409285051445
2.651498956901648,-0.3557235978017772,2.4003306520778462,-3.1619405498155695,0.1971702590097001
2.6812604174310444,-0.17395368038871073,4.829980582993505,4.611818081492288,0.08629097210346827
-1.8467254860043782,-1.9260327170298028,0.9231117996586029,-2.4859240457497576,0.10219584795438715
3.219881192644424,-0.5329138885309117,-1.137474923653218,1.7303903402716063,0.13386550637621747
-2.6069610260122245,-3.5032294469134806,3.9995602499747225,2.1917325747802474,0.06279575875798211
-2.708692241835883,-4.005046242661454,-4.876865510296632,4.546156919230004,0.2803135941481157
0.6762966571702291,2.9151225167706905,1.7194305271626797,0.22511059920516452,0.07647400860453014
-3.5292025055812273,-2.072808010258411,0.22847617663537356,-2.6892417626012897,0.09331503121020787
-4.792362582184827,-1.8584937709754445,-3.4275000195653016,-4.089343870297245,0.0878683317840908
1.4872304639575145,2.6722363717287045,4.337609986440752,-2.8660802448344724,0.21456178890275265
-2.5894750558315605,4.7708747837859935,-1.407450372546756,4.603850210129597,0.2983702079202719
-0.8533418803500386,-3.064509289883789,0.6244690483100008,-2.720641461726734,0.12553833540357984
-1.7433817157263256,-4.960436808705843,2.686513763078392,1.7896399846470015,0.10252331559754299
-3.428731299458031,-4.779433621509481,-3.056380474818712,-4.182133930052302,0.0552159434432805
-2.280049416739811,-4.374614738254884,2.003412821668208,-0.6808907894521488,0.10685007192610185
-1.9889742725636852,4.554923724628813,0.895844417834434,-0.8437588624462489,0.197090599449118
-1.7051499744051823,-4.428983613389388,-3.8511150770573375,-3.250048291290819,0.08153060171999899
4.239395118964966,-1.5411837503439028,1.0022348640993028,1.8212197231352336,0.17198385031906965
4.894896960840313,-3.0108140205637435,-0.2742351337382338,1.153300784929698,0.23572891448702799
3.460467788499084,1.7059683483907442,0.8378497848150506,-3.4732653623613787,0.14416395032186402
3.1971368095202255,0.6816642366638712,-0.4149291204225749,-3.105694412389602,0.11574728114107957
0.911128075679672,0.22148022192134942,-4.725548135216004,3.7959060633716835,0.25343190621047135
-4.0302310801781704,-2.624310282635535,-1.481943857283917,-1.569575602821065,0.04183891729460374
2.039759594509558,3.490816023060466,-1.075250949080262,-0.19897951350400156,0.052980597406058656
3.963980140362123,1.6458026475775087,1.5360910738367224,-3.2672777308590284,0.1658783193941235
2.508965694995,0.89390884762045,-2.8015653876254456,3.1544714928389226,0.1795391775239732
-3.0324128503481185,0.7329420387447936,-2.205580148150591,-2.6862072440925355,0.1119797396116281
3.8955017005536074,-0.2826365384889149,-1.8543577303022474,-1.0137573037431533,0.124803502369691
2.7458890483211498,-0.748323215055466,-1.9140712209836153,-1.5521722250657022,0.10388920399520798
4.467075196398154,2.040863260562233,-4.123303995610597,-4.285059068964041,0.07320211423482578
1.2681959406590115,-2.341534241790677,-0.2622764041768688,-2.246543140196703,0.12849158683232875
-3.9457269582308454,-4.787083140254206,-3.68950802571847,1.5912578214125954,0.1572408147121056
-4.0561244535606615,4.022316160687824,-1.1927410783919825,-2.9461036769084803,0.24170662656180217
4.127661955502099,1.5872295292329364,4.526204514416255,3.566216882243477,0.0839640229856375
-3.9653681129322393,-3.994802343666437,-1.1600661124089195,-2.8688732459496458,0.05118796468928044
2.9373602413337787,-4.672512429151364,4.545763197268711,-4.776481656899268,0.37782463817208495
-2.1668757524889237,2.2908868255010724,4.024892752764032,2.6341684113275585,0.13537804576888623
-2.764789653422067,4.85134035874969,0.8709370383677371,4.952959964686794,0.26939677618818014
-0.018999775065688063,-0.21845484730292153,1.8488680259823713,-4.6026652194964255,0.19359792316595614
-3.77232909084783,2.988624439463109,0.777304377962591,0.431083530238924,0.20130862833131205
-2.047893361033567,-3.7765994074546807,3.060596790538117,-3.0357694317354245,0.19459826917859596
-3.7282788019787336,0.17329232558076058,-2.1746584216895046,4.487895179073094,0.2411652585298546
-3.765315424367625,-0.39029303929560744,-3.634332430321824,-1.0934625600556522,0.1325185989561148
-3.3577131968787133,-3.179331189910105,3.439406451907443,-1.8762629075988748,0.15845121955390182
4.499205397176615,-0.7402772009117298,4.482058218869247,4.814471467052355,0.15591483667054268
4.476566019124496,-3.188063561678992,1.006989721179183,1.296836287164985,0.2284019783694276
-3.5118175153605047,-3.2954103733932327,0.8811586060774808,0.7839265216292723,0.006808928106042338
-2.6706696647522254,-1.7180950202088763,-2.50116514256281,-0.5922848153890463,0.06640201621085837
-0.7895849277185052,-3.6591669272243754,-3.919165686919502,-4.664252484833518,0.09087163433861517
-0.8938512721306555,-0.2005186371767511,-1.376203652748611,4.494351506775276,0.17887931756908892
-3.307531594021772,4.0690295015718885,-3.4538364245118967,2.057938000998911,0.28882555738095345
-2.691917453018821,-4.012301081092278,-4.141590017528506,4.624408498466154,0.2609031000404826
-1.1570885340231838,0.14003727458626436,1.5869095027349918,1.037901436135062,0.04049283117115584
2.60988370169446,-1.0836437440551947,-0.30657780319900496,3.540544998439941,0.15085162445695774
3.969209610481121,-3.4790916913645487,2.8245611404861792,0.54859465920687,0.23957921176715558
-3.2731867089692637,-3.667666289588103,0.24246938748974145,1.8333459225170836,0.04778601058951615
-4.417717185021117,-1.2765851839515854,2.876232648686213,0.4760522073117155,0.11204272888080231
4.285415917444208,-0.8196125657380602,-3.1784878237264094,-1.071773545566932,0.15888091251651215
-3.765205947082453,-3.9847659356741696,1.3329929999948833,-1.8131853270026155,0.09497477579867318
0.9695948674067161,-3.1463805509449108,1.96940627899372,-3.6854060633034127,0.21929898291998925
-3.160659739615277,0.9895020930598708,3.9428445338989526,-3.9099186305420774,0.25376778098229746
-1.1706564021376331,1.6662553474974882,-3.820665267823812,2.814904579125864,0.22379007833706857
-3.560977483611577,-0.15066845636976556,1.2800856502182754,2.2129208754425207,0.1084903862472854
-4.340384840660022,1.3045981683946195,-1.5469465372334303,1.870680621440357,0.20625934227753012
-4.291713779610175,-2.8182752742455177,-2.1280271193254565,2.129300375850349,0.13898966949461442
-1.681310434636829,2.1440478899360826,2.020240820033755,3.554056026477628,0.1276070134764534
-0.8805257040102319,-4.123007038583712,-0.9950552299074484,-3.3885152659437567,0.12638900021855987
1.6634659417583366,2.029801666746672,2.2553224106080174,-1.436245567944904,0.10975866081542168
-4.0484544034051115,-3.1326570713059243,3.9888194545184383,-4.164936420866341,0.24243217010874404
-4.643181036142096,-2.565459416443673,-2.48318652951275,-4.3309213910824695,0.07867530669389676
0.7822910055560728,3.9114316011816737,-3.449675582445125,2.416516672414186,0.20725613548781113
4.4736169091851945,3.623649802153615,-3.9352365371561526,0.020000602386319954,0.11831239696762999
-2.089130176585047,-1.7567619695912642,1.565516792842442,3.319792515914518,0.05439570556827388
-2.084497875862227,-4.090642642728971,-0.07526461924967798,2.2717919782077445,0.08739300814506606
-2.0401870342803563,1.7939305805463688,-0.19477492642347194,-1.225469692315385,0.11553197038071138
4.9287938480157045,2.64524858082261,1.6709810962175284,-0.22157838986827905,0.09313119781743025
0.40804384312277975,-3.7343900167209867,-3.2694960696969613,0.1303994818303833,0.1517464044824244
4.7812754445222065,-0.5906310947295079,2.1557993508758644,4.017688031491502,0.16436294966715037
2.4725622102519047,1.000073291996756,0.13595809219788446,-4.632439397665543,0.15355491870278604
2.4523427664073,4.493159921521233,-3.7900826542848973,-2.7949291509844243,0.0706330525981855
1.640913091740206,-2.452162501916267,-3.7168596902278317,2.214168244281672,0.20460020221004538
1.8042180615070773,-1.0515959122132355,-1.6900323921752456,2.970855498214876,0.15559355955587656
2.226058474103054,1.5990571256442543,-4.070171090988888,-0.040540658630074944,0.11996316824001728
-2.594541185377012,-0.3252336175843693,0.6575683402995516,4.385622843613412,0.13643066404475845
1.6001019314370248,-2.849820472327952,-0.04475315311338335,-2.4649914800722383,0.15797483562976447
-4.0371862982994475,0.4268099656751101,-1.1503342811125727,4.35094235268601,0.22242011620237834
4.682896811136839,2.597107012491133,2.4558836904618797,-3.1738829922258027,0.18552990809030107
4.677030914076619,4.377204922693656,2.6325166023055964,4.402544888936648,0.0527363586810457
1.3637604330065054,-1.2348366915596687,1.2814291081171971,-4.398985895137746,0.19402825169993224
1.2647794738836655,2.4637273970249582,-4.991272943623598,-1.8784149105553571,0.10318087355108066
-3.905647856007215,-1.3165762034629171,3.9755274221625054,4.831281119512461,0.08403520282243666
1.198116481741418,-3.3260183538640273,0.7017408335660269,-4.677104480789888,0.22072914540423763
2.0049884605545074,-0.35134124922236865,1.3120794583308149,-0.5226780772578881,0.09371762868254253
3.9845649655659017,1.9768335132037969,-2.9385346811449264,0.15564473266032408,0.10485559666286821
-4.591751120108736,-1.06163701659862,4.7217459660036365,-3.4889398188657204,0.25682132973579835
4.669591085564628,0.11824929726127742,0.6428054289658327,2.2000723176089823,0.13911486590408123
-1.5062930886908465,-3.7419418511969016,2.3768992607031594,-1.5674166047141647,0.14152047855987385
3.3127064151541834,-3.821371774303479,-1.821145277586882,-3.3419344399115203,0.22269841199262422
-3.3524579758741924,1.5851271827762323,1.4351385479516878,-2.451363124577836,0.17802070666382272
-3.980894591949297,-3.9464220016282523,2.6222533590201245,4.431432702474925,0.05420680810599553
-2.6127770937871633,-3.2992733109387107,4.1677360054630235,4.778136452734687,0.025992997559686405
-3.6055536869964744,-4.940917068150695,-0.8118044737022325,-2.9697298778210457,0.07935268747867726
3.6814765798153886,-1.8457314731040109,-3.3112374136425315,-1.8256508360930668,0.16654799902622391
3.792299634133675,-2.8732455611451444,0.06838501203287706,2.1123387688463495,0.20221240359711556
-2.275813106850003,2.467286399724453,-0.806796816337255,-1.7926896834666515,0.1417734206262469
-0.7012263273660224,-1.5790933187675327,4.896203489263488,-0.7631904975361827,0.17392322902292573
0.6390274913389113,-3.655402339428666,-2.256789669012772,3.7973912806334837,0.2106341483562126
1.9851241665707224,3.7949524867287003,2.4379137979832617,-3.447608513823248,0.17857903158421318
1.2990180654928976,-2.8760563661771723,0.32828420433514793,0.527724090277796,0.12433752193983268
-4.76333330871107,4.1170346528998305,0.05483455479729393,-0.5394752507677278,0.26422219417507264
-1.4301293556204921,3.547760700077024,-4.7525529961431765,-0.40826973120194676,0.20754662846364202
-3.9261643618512077,4.3125349473002235,-3.10975577688281,4.852707528182119,0.3600682227397129
1.3134300336994773,4.2552480658697895,4.670405590310459,3.215437677575192,0.09393830878280769
2.620238830922311,-4.092362412967212,1.5927943221270713,-3.8581104929538634,0.27147543892558174
-2.154640657407115,-4.6562563060432645,2.9439734061433,4.123599793393094,0.07926952110833305
-2.3058811495390574,-1.6923834962021855,-2.3670468236326316,4.046334667357556,0.19452295438321626
-4.022343872390163,-4.776361314587668,-1.3721326213328222,-3.716922983304949,0.07585679222934805
1.9742628216261036,2.592627306926195,-4.888921484689278,2.8047844380374345,0.23268638799735164
2.3108289335249452,-4.787823995510481,2.4078925393892536,1.1008400580898128,0.2197927400813726
-2.283600325993289,1.4116213131331756,1.0541624869138975,3.7965212158762096,0.14432110743414397
4.699436544483746,3.8297634491010033,-0.4222769313005692,-2.558759766440745,0.0714466634567474
1.3470596919823858,-0.9095226178668536,-2.494771214584628,-0.03271162727492527,0.09448323858925964
-2.054839617297639,3.421295737572322,2.889787461947919,4.504097761909005,0.17547749419964456
2.8244761197786907,-1.62441315130868,-3.5137221970963575,-4.569238038502403,0.13988639493212415
-0.4952792743028436,1.517504239966934,3.795599150623186,-4.43962146613334,0.247242780984602
1.5845945609731293,0.1150863496459884,-2.2748512378169305,-3.335607500413934,0.05681927865330584
-4.728785603636865,3.6759245184979576,-1.9808265857174598,2.9635428585523824,0.30461214434889194
4.831957320677761,0.9255075299147304,0.9748416627386085,0.9425778806292948,0.11689609518374365
0.49540419480504827,-1.6400305150114782,0.20945892792688348,-0.5804970581859683,0.07035804112455402
-4.847446162479856,-0.7075199656434883,-3.711860559137806,-2.7671975114335567,0.1298107076284665
-2.878729466233567,-1.1664858526604815,-3.4634592139324694,-1.2499453126130442,0.08781322014662049
-4.140645243331043,0.4778727119526627,-0.6540868029874431,1.8252097805882137,0.16342891892506003
0.39406597276337774,2.3114870592906183,-0.48359580036167493,0.7521614211247503,0.07138458732669051
2.2135954687175765,3.2362329353582435,-4.088991186129725,-4.503163961191756,0.03175844364546507
1.1144252004654707,-1.141568761923264,2.8961656969819582,3.0972863313014827,0.0670831738352251
-0.7858869254628083,-2.007686255637251,4.033351948147354,2.6815618714847114,0.05724993713410246
-2.3064844244746308,2.4298705767497193,2.7263783353251974,0.16519114397661383,0.15374693631563557
-4.488484041826915,0.03667406380846394,-4.794391266152695,2.5904035676514026,0.2707746290935402
2.7960699893887195,-2.2768116490833687,-2.006585047665561,-2.481231227708023,0.15380205019653603
-0.7613311732955026,2.191924912544783,-1.7219012927473276,-3.7417865987815926,0.10160249488647731
-0.9046488948418885,4.290023523758906,-2.9824532266957524,-4.760641076228081,0.15878426838300377
4.221641881299066,-4.367809215149398,3.5299589463241627,-2.270210030321529,0.32459893018430763
4.729887306702933,-4.1812470997573,3.9465739416011285,0.5473777165740685,0.29493939523477536
-4.314947910067719,1.7232251788179154,1.7705135566643992,4.1622582008180835,0.20102653803296533
-4.164414027396861,-1.2375010728690272,-0.20203602632799544,2.512667566807729,0.12544107632414092
3.2347451318907385,-1.5934975877346291,-3.7059344046997023,1.8088861038630641,0.20742316046680068
3.0080340344594134,-0.49001570188106314,-0.28555217949887535,-0.6641739583395889,0.10636660334053956
4.135081156533662,1.603582224891957,-2.354689873553543,4.6270015284749775,0.21442988227637105
-4.506731289644473,-2.2807069692458617,-1.695645277556379,0.49188755805971773,0.09808206908999446
0.4970943563490131,-1.664983837596127,4.0478839690198,-4.245817224364886,0.26272713262335173
-0.5790164422083341,3.1825180966611892,1.5892487799833956,1.0529386357620831,0.11191699353750865
-3.6678068265728294,1.9980463810308988,3.94946584536911,4.643630353841665,0.17280711155186482
0.6931072953366293,4.3314288795039335,-1.5616976373914495,-1.1995661282097867,0.11043728188736911
-4.404373481600864,-1.4718935049609638,-0.7288667779069957,-4.757391511546901,0.14133462479553677
-2.5398335880398104,-0.41280894628359466,4.387662233978116,-1.9355871823162007,0.1930241192629914
-4.820949417641071,-0.2154374512536963,2.2273592358450154,-2.68762172777814,0.19053400904534862
2.5091478768578472,3.106467290934301,-3.203916617624606,1.6583064604196407,0.14830735663719397
-1.1464666478186625,4.322934054355519,1.9369854927136396,3.39688873951404,0.1736135481307217
3.640212963464517,-2.4586894758527986,-1.888801279493062,-2.4704515749752276,0.18497412902796018
2.783727139722048,-4.98699268953776,-3.4069861954463976,-3.882289852161823,0.23423910123353842
0.8604134094089755,-3.299221054043092,-3.6891209863288466,1.0328296681918783,0.17807068704233625
4.623973089175674,-2.637644142338904,2.6821877029602037,-2.2171883323561836,0.27434294645486385
0.8886395309374979,0.160160015804367,-2.12126658086506,3.093442205294881,0.15513698875472665
-2.564499842618644,4.743321711221881,-3.4546966129829904,-1.26839900762435,0.23453090004477542
-0.8516863848932203,-2.602954316524354,-4.821154442951507,-4.336108272080854,0.05284129122034547
-2.6511647224968926,-0.9899166191711899,-4.4743480081583344,4.748083917488312,0.2852448864448492
0.10836327820988068,3.6811503582705374,-1.1404704257911193,1.2714009850852666,0.13500396822301455
1.9278849598575478,-4.061386813562501,-0.871834280840595,-0.6317065750531148,0.17845018115360273
3.086200612375336,0.7619631914643303,0.7994999908475524,-3.642449333388856,0.15621114718393073
0.8186078231182723,4.268687765347682,-1.9852209883597483,4.38410255385606,0.22588480750441375
2.756808454303467,-3.461024871306486,-4.588809922787683,-3.572231144342216,0.18518698037369816
4.217169927545877,-2.879385567267522,-3.3424676789837915,1.3279465067727,0.2414360716213599
3.1713339800848246,1.9552128725986186,1.3449234016399334,-1.7022036942482401,0.1015700875003339
0.22239578052589604,-0.0196819647230555,3.2151824175948462,1.647613405121385,0.04816603146227768
2.520037869371027,4.364986754364976,3.8589782478350223,3.280148785579037,0.0560492137748555
3.148075882815146,-1.2737954335836923,0.30930314973358186,2.9375770650756987,0.1465280074283624
3.514708261174837,4.452658331020396,3.6159299663847477,4.923726877116687,0.050450693280121875
-3.464429590664868,-1.217400194282392,-3.359095912267663,2.316793009596622,0.188948836984395
0.43090447664805875,-4.048847516727765,0.49031669826367885,-4.499194397268481,0.2106749007581657
-4.995274111328072,-3.3081568484231205,-0.6074383369222067,-2.4706540032252864,0.07111441108085007
-4.136460628432936,-4.042241102124069,4.226151498171548,3.0188234875361424,0.03590915527216241
-2.3495149445654437,4.895013454912759,2.900173547286867,-1.51854249115312,0.24156950267707133
-2.320506081227809,2.7152770417094976,2.4281779629887392,-0.04992425405952794,0.16066696583241546
-3.742405331195825,0.6541185140813948,-4.781807607610645,4.4153516881703645,0.316973000314284
-2.042213518874835,-3.2429609874837215,-0.09254028441934015,-0.011312665243934816,0.03572547864951408
0.7118704990422877,1.4098839453943697,3.2092683035698535,4.91255131136022,0.0570240748054134
4.519104171834176,3.6218397639272766,2.3107532603206646,2.8989035897094304,0.030492108968083437
-4.619214030306718,-2.004387295490604,1.4341958147543927,4.038057340552854,0.11597105759091922
2.9315040157422914,-2.9520209430039968,3.576426968455692,-1.1574988366030459,0.23706095384869014
4.311196742497312,2.372155829126555,-0.18076157936801351,1.7393854334552454,0.0771849005054395
-4.5940559322082155,-1.9388671927660317,1.603294539418803,-1.995994228496687,0.12683672962737175
1.0297349128905147,-3.515065414239028,4.928520967830472,-2.083803593024104,0.26152351650283595
2.0645416630029,0.4448399728381789,4.8180367869649405,3.0505370948695223,0.07532916096599801
0.6472034584753805,-1.0001639810903242,-3.039767592988054,-2.6022536594922716,0.04961380274563722
3.8583490464066283,2.058168758264726,1.6162532153753917,1.473652146627268,0.054432788703442085
-2.929727404073174,3.613740098470185,-0.5585084988431932,-2.523318091627785,0.1982648675484527
2.3172527623310284,-4.458666832502405,-4.867707811484635,0.397254515982997,0.24314715374902546
1.466205874792692,2.3483003083821625,4.2678292435681,3.5053011295855026,0.03299959294331893
-0.11620153029509694,0.12663423596094514,-3.662146416213188,0.43635720746401674,0.12350604352934962
-0.6461782159720997,-2.017148448948528,-2.4584916845240565,0.8132587013685892,0.10201040259969267
4.948256226520124,-2.8055724123928325,-4.734172780496765,1.2968933161630067,0.2783432487054942
-3.8986502736609974,-3.8145922845322335,-4.837256337292813,1.6168214383792856,0.19323715674766404
-0.9040065587501562,-4.310303779902721,-0.32365422277195766,1.4015509194956817,0.10921775043943399
3.797396976660842,1.2119888637908929,0.165554278917889,-0.11623077533161297,0.0786277581321715
1.8685464817940698,0.4745404107469593,0.701449646129177,0.39314729339425813,0.04361811576576
-3.704978067397983,-1.9140178079429973,-3.1581487764714167,1.1496998758750028,0.14457532388583966
0.9158421427370929,0.6330620164778509,-3.574757804794768,4.524366355575079,0.2413980400571447
-1.9563819664664441,2.5238294014202713,1.3867095661735576,-3.419379386817598,0.1858671354165379
2.7116436813156133,-0.7139263818344874,-1.3587681015034834,-3.249641808294225,0.12206527622846897
2.4945395712618197,4.326035253554675,-0.11416540490360116,-2.1658521739150283,0.07781764036980117
3.9389736645771105,-3.849513719932066,1.7746151206861036,-2.8918338534183508,0.28373227687452146
-3.362201730146693,-0.392744412387259,2.4775818249433286,2.2234054209043013,0.08830396459925173
3.7347448742360125,1.986889471559591,-3.035231348485855,-3.9607638918293144,0.06164308725077885
-2.139577861163622,-0.5968026316440644,-4.357216358405974,-1.1306319110512844,0.11120732422781375
2.871949788522736,4.280631458477057,-1.788258669699788,2.550795550688642,0.1405316278718775
-1.148755259420545,4.85817923603504,2.0347288630511384,0.1750918492474991,0.182337719119371
-0.3294616656495659,-2.36601515721833,-0.5902548047367091,2.020261506814405,0.09381250568225986
-1.3057666892530873,4.892072660024805,2.7359008598162617,0.593501378590048,0.18959326882977842
2.3682994430313364,-0.2225076384924236,1.0002407441676482,-2.025563692577408,0.12511643038500758
-1.5395653025364133,-0.13684461440487894,1.0271940124820382,1.982935524671749,0.0531672142600937
-3.5917065808629847,4.70017205722829,1.2756247420600877,4.838462851264785,0.27990210533917653
2.2822091809551717,1.3107773962989455,-3.3829357782444425,-3.9032577484705855,0.034355902812622706
4.326144591180439,-3.0194426509735472,4.654471436057253,-4.152007940785492,0.3601220388387267
-3.3100837626860704,0.43604239827750746,-1.185461877491404,-2.078668448949138,0.11237747418916212
-2.6781958171868823,-2.7996401009955028,2.627653801703125,-2.669894207263316,0.15880267713289847
2.5273275558802233,1.6129343240271226,-0.5988417839644935,-0.23688596023933606,0.028325543925835937
-1.4752107261975578,-2.2242445115912126,1.2851738314456318,-4.935660613790569,0.18964678167686727
1.6784792132639232,1.0549877826606942,2.531725548930334,1.4113015547477845,0.04000780174983547
-3.699717734485696,-3.5034293432838837,-4.131769480163305,2.1166968044519336,0.18751689597199556
-0.7391874501980924,3.575535530531159,3.2210168756617215,-3.8815211117706507,0.23659991693416169
-1.9667939331682351,-3.2254367628717096,1.1506091825879032,-2.2710573285283786,0.11264501084294656
-2.3629077644513186,4.9032218344251195,-3.1600770555373003,-0.5438430930096612,0.23848756822138667
-4.319189473782416,-0.7202582900272976,-2.7597060719831843,-2.26086388925001,0.11016551752109616
1.2747519608651015,-0.22228901105728038,0.1466620302627195,-1.784127043599276,0.0766663772287305
-4.723778598577427,0.6157517196125717,1.0566707897510286,-3.113527672762922,0.1919614667989045
3.8847782034047924,-4.476068331013559,-2.482902806481434,-0.9512657460427798,0.24935046454897716
4.245109336238901,0.15341186566598441,1.729969320056318,-1.0346132221712088,0.15465640959074325
-3.694872195108613,2.2877159762623664,1.478860232365319,1.3641579924536353,0.1785336916653787
-4.084476827039821,0.17229142406883025,4.798642873335421,2.1536624429359827,0.1426062683119608
-4.476988701668356,4.485971928834282,-1.070988508500207,-4.639151071221441,0.2778198861097129
2.8807605936135063,3.537784968940942,1.7071481095222998,-4.030489717831756,0.1705979517988876
1.461655960475766,4.25677621254736,-3.0000671024895267,2.894233688434783,0.20280261433592228
-3.566259909360723,-1.4353072130228863,-2.0968300289513033,-2.1919564876453714,0.06347347254785039
4.383749242053947,-1.980099066790931,-1.1438312120479424,-3.8214875096111065,0.21402099227645058
2.311052966290231,0.5753840076610786,-3.9648331950435614,4.8724757873797415,0.26385691940763845
0.32231773478769377,3.7879381012219575,-3.3688549437862902,-3.030797152356194,0.10515386054253657
-3.398983130935509,4.5785136163583875,-1.3643915203528802,1.6213439053578806,0.2632895241228023
-3.2612465642215147,-0.018787915898594854,3.3426166671296453,1.4108454151275023,0.10750538786526266
0.7121845427986564,2.9280779747454933,4.802636533178454,-1.3431044293002947,0.1886618435550511
2.607843568552064,-0.7063930501404192,-0.821985889435779,-4.263357108665293,0.1501461501291615
4.7024807664850385,-1.0618511909165216,-0.48250090744602314,0.17478661871961876,0.1713908711917331
-4.712234854912449,-3.522827378195971,0.5395861167998994,-4.347687635794367,0.14670760262395263
-4.109061173929408,4.837023677310588,-2.133252271312452,0.7288496785529563,0.2892436303722553
-4.223063270524631,-4.974778650925008,0.07876933772606698,-3.3092877139985766,0.10603390254537819
-2.709160546601743,-0.7814639290577947,0.8268947834910634,0.40728498837512817,0.05768069730345762
0.8376401090013541,3.097019531542358,-2.1604696939947288,0.9355090754634894,0.12017842521829145
-3.235683683433205,-0.1037710916834067,0.6553532461822851,-0.4424731898453791,0.09591397175688236
2.271937943499644,0.967329234860582,-3.0987514223879495,1.9580636978029267,0.15211740201291227
-2.990871675070083,1.9068376423545654,3.3290249767742743,0.26182239684617503,0.16440992183784273
2.631293856941812,0.07679780952040272,3.053767201811116,2.402619096212975,0.08076965717940493
1.0834655521636227,3.1794096113755703,-3.9628216116827564,4.8950152326897705,0.2784623593195072
-4.736476517403698,-2.465239675189798,3.8475130679976903,-3.9314733080436515,0.23533633843863425
-2.5113810503460012,-1.2170124275304115,-1.3834953260699256,-3.6759936295053075,0.07508813087022269
0.06441307778961836,-0.9053183633801929,0.4964539434709465,0.2122550536682457,0.03105554344591132
-4.931285416498322,1.8024739329378114,-4.189019429380803,4.581804705031384,0.3469466901004137
2.26192523705227,-0.18253909354004172,1.60420065677659,0.7244199693812794,0.08022707037144439
0.9350521920311756,3.316017693620113,-2.6619920993318735,-1.655995470757048,0.08013214205864744
-4.082800938933815,2.51609659822995,3.3898720650795173,1.2478516547770369,0.2009246618112785
-1.294852718602888,4.799340159746157,3.0677334878108162,-1.4163062978879495,0.2145690922486171
1.3404885920893648,-0.05337144227891599,0.9564662468752108,-3.3800348178106865,0.14028355530374367
3.796740503230918,-0.9163431676309628,3.2904270031945657,-3.6497591504410867,0.26276430393669425
-2.968052166493872,-2.2024726450823042,1.355277085894686,0.5053263109172077,0.032364958956013566
-4.9243478262713225,2.1418734498415484,-3.440325964606118,-2.5834690336207924,0.21545896436995654
4.881620371622674,0.04981669209918316,-0.9160509189386223,2.577156723284161,0.16913658487058617
-4.179502411379633,4.898174821741398,-1.6387189719946251,4.646939757054685,0.34594393281653035
-2.559116170614415,-4.6645924286643305,0.1769000423641165,-0.5678869504853576,0.06893795948850057
-4.452802088016999,4.290690345741062,-3.1784286214533464,0.0037467711962371197,0.2874094024626819
1.6803161343515232,-2.9143737247037627,-4.831272309884913,0.9885220419333614,0.21006134428510345
-4.467917736347816,-0.28736763271394494,-3.7452134231309153,-3.6309073724788323,0.12539046245597543
4.922635675979707,1.551642942677283,0.7263984663232534,3.5934730446707377,0.12526289465174176
-0.9470198329541084,2.4272048661440015,-0.6478198125688657,-0.19880403605746544,0.10315567523419589
-4.030186885247749,4.034597344930418,4.532052920888553,-2.241343662310232,0.2981479341432726
0.5327198308211623,4.8272067873846005,-1.9277267149725317,4.80634685706335,0.24988879447163542
-4.16866785842366,-1.4655552130691185,-1.7652220312985687,-1.3486794479893294,0.08305064613101958
-0.3671780405531653,3.040900536195023,-1.913756898101271,1.7329539758582726,0.15684572894875254
4.3872505272833635,1.1900855893072357,3.9526889013432616,-4.608419872374104,0.28246029712677995
-3.9277489619629593,0.17736649705801533,-3.883933437582703,3.281003108522217,0.25781388762128654
-1.1674915685172147,-0.90094208537952,2.8797873723201786,-4.086176232499379,0.2075758239966141
4.270077211168918,0.397535767789444,4.8440111648900945,-1.1491310212701134,0.2233020884296316
1.53151467309673,1.2231532798737321,-0.804153959159124,0.47327365795202603,0.038335864923625965
-4.255744941240548,-3.577404903023207,1.6965797409290815,-0.6949925456091011,0.07224409138589706
-2.9024859975469006,4.7897477148510585,0.468425889740649,2.8370382774315495,0.2476325323138683
-1.1111849871177126,-2.039921535526805,-4.247791180819265,0.775220617903015,0.14982453872639376
4.216756767429597,-4.441390685541608,3.3846921068391342,4.396506351066801,0.2574404119107012
1.1852160588103633,0.6633275799309866,4.329666043744012,-2.605011444517229,0.2095388292537465
3.7078186498624213,3.049491321750132,-1.8137488167873683,-2.243722332940993,0.024611916746413658
-3.209047780179689,1.9701934916304085,-0.9799233022603939,4.234600126076515,0.2309736267931188
-1.0580393116933493,4.414370079931162,0.3302467033848986,-2.1668442147412215,0.17255952277088532
-2.406741737196568,-1.1807071965940041,-2.3038056647240657,-2.84877749131514,0.03851811757804068
-4.8657606866223695,4.47622194630503,1.6864937977294474,-3.532615972599454,0.30529375802222375
-3.390339662778483,-4.0045710384675175,0.7651560656063703,1.1380297791229586,0.02045770646388731
-4.005607431201337,-3.94590262292719,-2.3846755694767383,4.224057333864122,0.1977762476789345
-4.3906121863947964,-4.040006509501167,3.939163413454116,-2.8969072184477342,0.2035443858413288
3.432909740985888,1.8455325700746137,2.178846260680337,3.6007454326853594,0.0602977619535573
-3.5164607143252544,1.9772972368684787,-1.8792616126883388,-3.6788895413021763,0.16738115514540433
-1.9044350086381368,2.0750919084038397,-1.3239073145097668,-0.972446873862066,0.120532508276732
-4.131526457997422,-1.279061145338706,-0.8007626958571166,3.9233102344481914,0.17247836573212064
-1.3743913384573005,0.10738940712950118,3.099168517200484,-1.4784035707933518,0.1393524477634964
4.0448309118662635,-2.3087249186440073,-2.1844011921932474,2.4362883085151896,0.22283738719787322
3.794068967043888,-0.5401540003428353,2.4896883992754937,-3.3476904516450148,0.22802605484056096
2.8424475306200128,3.662952063685376,3.6392668560698525,-3.0294128681948296,0.19830433843153125
2.896907186266632,-2.1478236352307443,4.741081425520484,-0.5674627759857902,0.23013327075717288
1.9522208247017385,-2.276640578981688,-3.485003700069428,1.3436257560108888,0.18163946879407994
-3.6086847471406305,-0.6173678449267461,-0.4031972695192101,-1.3794877384112834,0.09111457232043953
-0.19517795179690545,4.401400791635448,-3.0564700977523493,-4.020452693400168,0.13742037357081674
0.5189757354934121,4.349162237031587,-0.24253200158574106,-0.7897605809933683,0.11396087823221528
-0.4575803880155229,3.6423283527736974,1.4344649638182583,0.24222783172660733,0.1240073048730547
0.06765542618901943,-4.77287666255223,0.0952492115588992,1.0655729537272745,0.14457944032048095
2.7067695018704896,-1.9570615053567373,2.516870192909929,-1.765001568885376,0.19894011910341738
0.9047615713737116,4.372525703520051,-1.548567542829573,-4.795986625901358,0.13439289606436555
-2.8769034207332647,-3.964964183618731,1.0245825350724234,2.763665330484349,0.058364328921625006
0.12355473691745811,-0.07364219539743733,-0.34694842328530306,-2.4176481744059606,0.06280074602260836
-0.4915515605419163,-4.160375673651258,2.8068707197394085,-3.713042695681298,0.23348632835453725
-2.9392263788132045,-2.605157072714422,2.1152426119859333,1.095727597584439,0.031062741242392864
4.0863048138845866,0.2544689814107546,-0.7555116433692088,4.979947308353559,0.19596625542873394
0.023030291992776064,2.5322770620374033,-0.3613831812586268,-4.496538740773409,0.13771239679619737
-4.577168788970996,-1.6062406136133145,-2.9707233157757953,2.1646018443904405,0.1852670821221333
-0.8698137578119001,-4.680072059920129,-4.453654905483764,0.47687636248818954,0.17657949965302386
2.6873295055351143,3.8104593520354673,-2.321416293681483,3.635442710971631,0.18466097272636675
4.3640011972249475,3.7346708447421104,0.30184521176950696,-2.5586631274170357,0.08947385248130033
2.228909363559051,4.188115682905339,-0.3129304890465292,-2.4245950107390257,0.08148787661414925
2.2614934052483004,-2.6872749342582347,1.443342347136003,-0.01576294472328499,0.15858139710977157
0.8531015158951423,1.741031512104927,-3.547807229943134,2.658540805600408,0.19017872406235134
1.938363352834247,-3.5085477458291403,-2.184148113727992,4.235708317584358,0.23831814157727924
-1.6392393142466788,3.3525298466339297,4.140995560317705,-0.7135162636758814,0.1969492401300915
4.789184124127704,4.434814116667349,0.8168163011535707,-4.218773123448722,0.15202639961896278
-2.1322565696752105,-1.9538005663236344,3.9164727196890077,3.7481576681539046,0.006939081383491059
-1.8966404785302196,-3.5223603201253093,-1.592024259095889,2.221553021480151,0.1191561735898104
-4.5556808684976655,-0.8094802181390257,-4.614707441317241,-4.533590446924376,0.11228042341170312
0.8061127499143179,-3.9978387800419513,2.937484721912024,-1.5057510308186206,0.20561964946378225
4.186975629399626,1.768479380331149,-2.398276214878028,-1.9126191582972107,0.07223929215851094
4.559729834459587,-3.725804965923716,-0.019027658160235106,3.7616484225681326,0.26126420340034284
-0.15332757170088307,-3.927719937081914,2.7679374047862986,-1.7660596624353353,0.185254852020577
0.8068059084321124,2.6053139973709607,4.528391837683049,-4.58885128502462,0.2722365695550772
2.5147372308496907,1.9112360491395268,-2.7633925984975094,0.5049136877345823,0.09748392619849731
4.51298989893268,-0.15746048661037548,-1.2564033260121543,1.704898142226913,0.15728959761113753
1.7799453158138867,-0.2358263734175461,-4.030027021213752,0.2159372761674767,0.1346844918491396
4.122903933397497,2.6244482329726218,2.992555252935353,-3.243661835622124,0.1962698235442533
-4.803513859362494,3.022602036303903,3.430472501055773,4.148006439468588,0.23719015845361638
-2.021915504620261,-1.0067287904187583,0.2558666533818581,-4.962610763518885,0.15578252206423387
1.451418512861908,4.027664030682535,0.6168481649282587,-3.668138996479424,0.1423814633623215
-3.7641135604153044,4.145829755907114,-3.109200163925542,4.866075140312621,0.3530072764756333
3.381282598830225,0.8099219133463915,-0.7585449508641364,-2.577119889553947,0.09870907685295845
0.07112695815572323,-3.79294418562075,-1.3803354610650134,-1.860766076313658,0.117900155179475
1.5336962917249881,1.5116451830363422,-4.548506316389281,0.2484973787659026,0.1433480379313216
-0.7294692505588687,-0.09775582447314246,-3.052065980602258,4.981960347007451,0.2429025886909541
0.806444615253346,3.3528920204696266,-3.3661765961177057,2.8736885904225593,0.20875737022258348
-2.735045771846937,-4.829895276636015,-2.6766477963916833,-3.933227969597992,0.07633992926083967
-3.7947419079288336,0.07538163493924976,-3.3010234547721784,-1.7732956409029708,0.1287760457134572
4.300369844103592,4.809586136583096,0.6241558715091848,-0.9880485749234236,0.048999510647417255
-4.964218477308463,4.902316726718315,-2.5973824542122284,1.9830274494416802,0.3380029590813894
-4.560260869959004,-4.207048611873497,0.8473003070767451,-3.5095191277423385,0.12957334211735125
1.1728285634625246,-4.31832221117618,3.381036020142835,0.16562619996498817,0.19876058539846406
-4.486197927039025,-0.2741724412300828,-1.206493506043551,0.2013702524249874,0.13690123815569932
-3.6863853354511456,3.5718133057779013,-2.4296618804444026,1.5015386635805754,0.25740248194088755
-1.546192784400965,-0.6012394562263825,2.2536874425024367,1.3409880677886807,0.03715996720750999
-4.852121044561194,0.4946448973119377,-1.8101816843003036,4.760606675074023,0.26596358010658694
3.125316870099219,-3.195228802243598,-4.319422288082318,4.240170567431967,0.30173353922279367
-0.945045134072676,2.404274419773504,-2.0935454232531647,-4.805452342869813,0.12204927687282162
0.6994023391507849,-1.4211100018879694,3.033187879477561,4.1715718043068435,0.06873496844695869
-3.971558979490608,-3.375853517988995,3.856266400665099,-2.159947355454671,0.17887586636065753
-1.2411021601153838,-3.217702454217374,1.6292013303497281,-1.0480170599209995,0.10436315885969376
0.4519146525803386,3.9717281425154525,0.9148402120355996,-3.0019640988827523,0.14899376407181272
-3.6677487730021996,-1.0410815459829958,-4.593165797626123,0.44396427689252693,0.17699851056329563
-2.9683993696184965,4.37800616595039,-3.654345957114582,-3.77472366843271,0.2192864841130587
-2.5159952963941934,1.9395403485156137,-0.3493616242325963,3.3051616361795304,0.18093415803776092
-0.05966499228019817,4.821587525496749,-3.2915720758915636,-1.8741906459344837,0.15617574141324886
-3.7632475138375945,-1.92269639391502,-2.7433957842324173,-1.1425961646726481,0.07662464015744049
4.8258572480980995,-0.7667762321106704,-2.1140049119213957,0.6582898237440373,0.17865291561223326
4.476745270064665,1.6784478826690261,-3.397953554950799,0.49440120330785753,0.13600375938776435
-4.227712867725224,4.14349303643392,-4.228108368292798,-1.930063730011983,0.26639650224232236
-2.5905715846646493,3.8053996129264966,3.6497694646438212,-4.485963896191036,0.29319426556726286
1.4584868192113447,-2.929368554602373,-0.5919569268122773,-1.4106310429260285,0.13594948909178184
3.16426817444121,2.6403439582144763,3.5216339329891095,1.1888693750082204,0.07306656019210021
3.2062050647459213,-1.1713743483964025,3.053537794710447,1.6177512612691984,0.14195301145708863
-3.140002057295519,0.5781479776223915,2.32326224545287,1.62557997247501,0.11092847484864382
-4.506064504730127,0.7202589299265396,1.0623427565110912,4.846030760400675,0.20229067911065832
-2.9157353918608697,-3.8544628669497474,-3.2902100487261343,2.8771353639467616,0.1835728075898942
-2.52253491445944,4.645563695033681,-3.0168691585742744,-2.501967124172685,0.21646220423853132
-1.2419629944197883,-3.085398448802467,1.0348390696079557,0.9777881942995093,0.05531814106242501
-0.1474547293088948,1.1368907333210432,0.2979124291264359,-2.873417293658753,0.09848650493001304
1.6568883556061706,-1.8317756789174644,1.4093592653281286,-3.0131189654721835,0.17679240695702886
2.313033318098072,1.2166970294704882,-2.957004408696532,-2.6276749087193796,0.03321938297701999
2.3214868336970227,-1.8116030377535877,-4.131909500157613,-4.973671331143185,0.1286659951621181
-3.417201795923553,-2.1850174500138078,1.7096703716817272,1.8997062131603757,0.03785893113931671
2.4926774996936087,4.757525576920328,3.9718920304906025,3.296506325856029,0.06859730453763903
-1.6477897977840152,4.840466439727965,-3.321980916864381,2.259261724839808,0.26882383865340653
-4.660133000817605,0.3001238498733807,-2.3845565673693683,1.6009021704473927,0.19974738959683666
1.1680660641697207,4.893065172808095,-0.3988856663453175,1.8845909249588697,0.1365988085244664
4.77351436616609,3.0253224846288447,-3.330399396030781,1.6366230654321248,0.15216478117680882
1.3131371204111968,-4.5904676793034,0.6845796053926723,3.5199445989652975,0.18760803093824377
-3.915378243584736,-4.203226034536867,2.4444662890974325,-3.0578745680141903,0.16562779081706583
-2.9124874990897256,4.105527034370226,-4.726044866566921,-3.8606720768888927,0.21408472539114407
1.6426802140420573,-4.158133271052878,-4.874708159865539,-4.2455311167983005,0.17246949105653894
-4.96357298687725,-2.5028820344892813,2.459267168485681,-4.827561731877141,0.2225032262765092
3.5479806465091563,-0.8888868607597757,4.419569556311226,0.9492546466747607,0.1767753057340248
-0.1573024578582327,4.361495516404013,3.191895414901003,3.5584459409977303,0.13668377247113458
-0.811167343438238,-4.6518511092317745,1.754250478400996,-4.772849643618429,0.23657700684949892
4.715023310300758,0.9086643489523976,-4.7506658769165755,-3.2871100093860206,0.11755544675976683
-2.699311925556139,-4.601436087912508,1.1706113313208935,2.7308575708671636,0.06966291906305737
-1.6091694537320733,-4.062152637176526,1.2985423326727208,-2.661570421666063,0.14566605735514196
3.5131193191618024,-1.0548538257501439,2.1224941740067003,2.3097723072504337,0.13609463792769902
1.076595280593608,0.9775126117250625,2.1200984584709754,4.732902628867212,0.07785964983831738
-1.267328997753785,-0.9270490215583234,1.709638366278651,0.3285923876003167,0.04147403731499389
4.43947135527854,-3.2627075890103763,0.5478206201492499,-2.5751809171438103,0.2574032851535388
-2.923012023737189,-0.6897094324309219,1.8350312479384918,2.7301108459644308,0.07449370229119211
1.7302947938578175,3.8867484150017066,-1.1605406809794063,1.4309696530253202,0.10586848104040154
2.445370752392874,0.17286739355590353,2.627757025522058,-0.3845966967759651,0.11836977217131775
-3.1075437098418615,-2.4562228279969056,0.7711690911740465,-3.772999922287237,0.13520663642513894
2.7944135455999453,-1.2894965071682627,-0.6682461094014167,2.1624703201131235,0.14106869417230783
-3.082108668363589,-1.30326162199614,0.3774120371657901,-0.8330839887091184,0.061106352159676046
-2.8623253129807438,1.9618632861404208,-2.5240435376115498,-1.0064399101787727,0.1556737123102596
-0.5638755743507691,2.2904768532166706,-2.7623129170075202,4.099524077700375,0.23031152521489098
0.5135943082682273,1.7609536576025695,-3.123418241522522,0.24571303147711987,0.11101893444091358
2.5144790149922454,4.49428195562893,0.02711780167430433,4.9682168341334965,0.16480740199934452
3.370083281918072,4.717754846522919,-4.739982969902671,-3.386538380702463,0.06002491446459165
-2.0588856348075932,3.0616478206308955,-1.624895721774684,-0.20281272571410636,0.1631260120802004
-1.4912513304930766,2.8036529238852754,3.9767141679242943,1.3324010653564216,0.14354965338272668
2.3764346158342784,-4.088321173872613,0.6621874433433099,-2.3602634270824607,0.22178307204712192
-1.2056108350412833,-0.5731978348481768,-3.0497464730607393,-4.942701381308582,0.05775524001059046
-0.8120584590223796,-4.799890523883363,-2.546965998328713,1.2593201525921591,0.15593456164029423
1.6032353604382346,0.7269735377888962,-3.116929146462005,4.750228798852037,0.23390935659329612
-2.3540106460930432,2.3593061720078667,4.693046229805672,4.160670905250306,0.14013974238687651
-4.162958931849663,3.739700774308522,-4.675198664199063,-1.5507599414405284,0.2630216911973538
3.7549896414021884,-3.8241344290289625,-4.8920080354158815,-1.7410371468970567,0.2360872827121025
0.8875297426919211,-2.7913213761383915,-3.801306276584299,-1.1762446984653363,0.1282345801509187
-3.0420491471888953,-0.5695051482985036,-1.3643072453451879,2.6630074366103207,0.147750516267857
-4.27407697439508,1.947643701663714,-3.720098190308656,-4.753075836098284,0.18533104035938516
2.2756161385102267,4.0795855898478255,-2.00364186032181,-0.04711523487272551,0.08362226188778718
-0.2171303499941235,0.9783054982297745,-3.457396477550728,-2.193019590914631,0.05467989231463682
0.09703664042082494,4.850610963876191,-0.3984601033482127,1.7667331118438847,0.16223152915577757
4.644111915017469,-4.0158056211184,-2.7632327492194078,-3.6562104413035277,0.2630508042932685
-0.3616143283005897,0.9348504128222306,-4.071180015876813,-4.375664295607365,0.03887355778662456
3.776506948208807,0.18253871962481227,-4.765986226197155,2.4071132648701052,0.22956026228424767
-2.864995816750789,-1.8004794800236135,0.6567034013626465,0.5299892234759307,0.03165311446204338
3.0511742444194994,1.4350747771239245,0.4384695145628985,-4.190933094216554,0.15130884578918732
3.402577798947142,-4.790581861548345,-2.490089661670022,1.4820989204359538,0.26076157419171075
-0.3775227974332571,-1.4848777995300666,-3.7871353912461814,-1.6289736354554343,0.06935936330251861
4.165900265410977,0.0812241384032566,-1.0408585927666048,-0.16903597193322373,0.1221648356598486
4.411624496408985,2.982780623990564,0.9436597662901294,-3.8956168287910864,0.15509532838089266
1.4589363853551731,2.5655417626217982,-2.2219145739048263,2.665498281148211,0.1531670656803571
1.9047387848033779,3.362832901867854,-4.400983220502076,1.9038043119075123,0.19787711054129048
0.2071486272529688,-4.448142318253344,-1.1295741316053496,-4.468749136181771,0.1795942427721243
1.4847520414857032,4.871088322899306,-4.079787371847463,-4.521739322445953,0.10071494948386404
4.047430731590055,-0.9772928521451778,2.3144886786801155,0.3862979180186734,0.16645870797103823
3.7553599321710998,-0.5237319096690563,4.674449504810047,0.8585348057860127,0.18012739343743372
4.739135070703039,-0.5412913120312348,1.838166236187079,3.570324583893088,0.1608972452951166
1.0967694746681778,-1.4916776351243008,1.2081084828088446,1.9717346337043686,0.07835169713666232
1.1506072258676134,3.7221349799302352,1.3884167608883846,4.903525797499995,0.13656875876389254
4.1959046478737,-1.0305096486493626,-0.8141186854107643,-2.6959369216235505,0.17154042997918748
2.3941372461696115,4.141756542563712,0.24464391602214342,3.0115617526933534,0.10237334440955942
4.658241201779589,2.3817006810778665,-3.6830259365208837,3.6011844596694047,0.22123916296395243
-3.3412597397387103,3.508082424642481,2.971594304898588,-1.6844299285944597,0.23521268848040616
0.11567147740908368,-1.0071563774997685,3.5199179019101674,-4.829333330148118,0.25533270480404974
-3.5652024079067592,-2.9308182970338503,2.726975993362827,1.090170714253107,0.05059191467690173
-3.732646360142021,-0.13431026951891045,-3.969208622440873,0.3339214318596788,0.17615302299691354
-4.910026561932604,-2.1194341580425426,4.913358234715886,-3.3463045166275087,0.2522181331552647
4.495488450967546,3.8834735834071505,2.625666066114243,-3.7144923238269123,0.1923347542855833
2.9657251100197177,-3.173953101775744,-0.00033586441493227426,4.33095749262559,0.2132403324080839
0.44736949192171505,1.8702661146107333,0.9267481353547025,-2.5745732510722874,0.1087769654482759
-4.419608969617302,-1.2048413214158527,-2.492309261441379,2.6519064521960223,0.1897211031841311
-0.04319915425418852,-1.7077302288062555,0.8618526928422181,-3.76355163614332,0.15180294476237333
4.871522511609642,2.398563742697375,-3.2191200827147712,1.7447595696778304,0.15870308494046506
2.912812257888411,0.288495753212878,-4.5460579783481325,-4.340658396950904,0.07805369002190805
2.7798309862258286,1.0679845027147685,-1.6341442128831742,-1.979987292042412,0.053266245907066245
-0.14189077679826934,0.11572272956866225,2.930588043221328,3.731211931758569,0.025902983353043647
-4.90501635179621,-4.287653742499301,0.5039316517888226,-3.42205744545966,0.11688775974858852
-4.6598548140717035,0.2020580720297378,3.3094851209891516,-4.30423073182657,0.25689684977761557
2.572347440190198,-4.423309084185244,-1.9404010307936193,0.593739329955433,0.21484064689145896
0.001714297104731699,4.261340121090555,-4.6313108803952465,3.642539193961717,0.2898619127378375
0.40404614512975634,1.011819473049794,-0.6537057449601038,4.717609153343023,0.1634949645226057
3.1128015926900368,-3.7954074605614796,-0.5038415429455378,-3.4243998469686154,0.23252215415136548
2.7715817531435283,0.5338594204527531,0.5948192233632028,-0.006096297469828649,0.07106931223040032
1.0564357706612428,-2.204985298112022,-0.7114741781735967,2.779040488289761,0.13513464556808186
-0.38785330475650426,3.1655667757010555,4.213913831129487,-2.1673240132795444,0.20839358542561803
4.017231773324662,-3.7547162007294066,0.4813529893859938,0.19970879146480858,0.2333916476401675
1.4461241748399791,2.167435838537525,2.301128065402784,4.288372962981924,0.06529845659143707
-1.122162548055968,-2.942240547628968,-4.84290348287943,-3.979271380637109,0.05772926032204879
3.686342536833436,-0.9452607078435484,4.281622913082714,-0.2984911400498813,0.20470741902832743
4.401165176436372,-1.4692517608952183,4.710849617738308,-3.0551604842998636,0.3053940533926549
-0.2597486309474837,0.23882903734358685,-3.0835649378806207,-1.1150250882657433,0.062209950325228275
-0.5184090374900894,4.375116071447888,-1.0927141979800137,0.10552231240435805,0.15423284860315742
-2.2474459949315575,1.3388249543099278,-2.0319798321602267,2.6357719082052835,0.18469362970535225
-2.7388231561307097,3.2881084140166053,-1.0222416492388566,-0.03405544118318371,0.18562797103179937
2.4101235232436107,1.1850869739190086,0.485264539634529,0.3063973157599218,0.03756454010207689
1.6064967888221222,0.5054600299510863,1.0222616657282488,4.078192912992732,0.0938049531294284
0.2017332173859252,-4.702314442195377,0.42033550927632835,-2.219708845678344,0.17365376393969512
-0.16335363252654211,-3.347399176635345,3.0881838633856216,-4.452616073463739,0.2537590679518195
-0.35060854818656395,-3.973463915461748,-3.054464090484885,-0.6155975962877633,0.12405664160645608
-2.6683645794946367,0.4889982086367537,3.3024845557334785,-4.808440553089039,0.25081297196961505
-1.8617335141841327,4.799257936405011,-1.427352622786512,-0.019036669120299443,0.2078248406401793
-2.8566812634552763,-4.430172515596013,-3.5559141269256034,1.8654475051128045,0.16395988613035417
-3.4086194102470135,1.9064151308724853,-3.43802530611205,-2.524458435714817,0.16403483346607647
3.901284905076336,-2.589344274971883,1.059267056910005,-2.3547376780538065,0.22854226564401356
-0.6447858412602425,2.5047533496192855,2.4040423214932005,4.032388536998862,0.11044813696463894
0.5660008987501222,-0.7411146207019117,4.293300599842807,0.9140561359345316,0.11208436365706374
1.955803071366958,4.8201670612809355,3.50522304152466,-4.371213612946717,0.2419737350970661
-2.1377665169758444,0.8409058319110301,-2.880109040018326,1.7998913021987653,0.1735608565296324
0.6824219107717653,2.103459407109563,-2.8893278295350577,-1.91919282449174,0.053896973080916635
-0.03707137979726838,-4.367172373844984,-4.787772071186144,0.7958592444902512,0.20022188900875637
2.8877713945226704,-4.21843228753287,-3.9162476992833506,0.07501754657144222,0.23249312525307056
3.105399683382707,4.557847526888109,3.3015585913026175,-3.9852040083775817,0.21762126575694285
-3.01836398844383,2.940897175501295,-4.9328527122371675,-2.0734965346867873,0.20554250368738827
1.4032914655594189,4.731262306989988,-0.10610632723270097,-2.0316169984179346,0.10959440287563432
-2.037126121021217,-4.567521695577645,2.089359646105713,2.797346418128538,0.07638673927928916
2.5753719619435858,-4.96905223264207,3.6279034499317184,0.9484549242918057,0.24715531568003124
-2.4022928039398685,1.0493984897799322,-4.549664279986377,-4.264577971280305,0.1044342558297468
-1.0561479339716016,3.0797147630920048,3.9088224573559778,0.5648678821057249,0.15062786829100136
-1.6874907647851547,3.4790028584354324,4.759660819479084,-2.9187830883577606,0.2628934484206511
-2.951967594224528,-0.602021030997336,-1.2147368331277573,4.511898092116324,0.1917647841847755
-3.018355167298866,-1.4373968586034112,4.744203263800417,3.638847948769188,0.0547559601556491
2.15986243403432,-0.7607171354854545,0.98439423368447,3.225914576373759,0.10433898834865717
-0.6636517102778114,1.4533868855328897,-2.3336638791697997,3.1229590087485573,0.18107243635851306
-0.5714495961588231,-1.7405140025096735,3.231939903091355,0.43779028667319153,0.09387724046520099
4.631849240915868,2.3990094071671955,-3.0259203948995594,2.7680743463968955,0.178982285687532
4.902333092727204,-3.715664956813308,0.39557160939953384,-2.7592088697163097,0.2835177427978868
4.188486945976241,-0.039567308470856766,1.726159501571992,-0.6058193453326961,0.1506300625335792
-3.677494536695548,-1.0134310721531392,-0.5471038603248868,-1.4726155629927629,0.08152694815362788
-2.1433695596684466,4.686194727334936,-0.28466191471525093,0.4852412132202506,0.2078635528411892
-2.9538957260768575,2.2543020352687186,-0.9767303606980491,2.160758924082974,0.1900274671293308
0.8299308936524827,2.408291728959946,1.3883305719285897,0.9493137706592645,0.04763364811358043
-2.6651183970416326,3.2644306344370424,3.551626502884094,1.6133583647953573,0.1806317941622022
2.9231822646485828,-2.3222930956241292,3.4372064225546577,4.63010614578636,0.15713489526684796
4.126295908519102,-1.6103711715003488,-3.8881613481768773,-2.1580831928225663,0.17386258968085577
-3.599169442676804,2.063399364515125,-3.7502177130184657,3.2190466923125243,0.2819213160097154
1.1695468923083316,4.899880903231567,1.8543105837472442,-1.1548461125609477,0.13573920540185289
0.5518612848731017,-2.7651813997636356,-3.952241371809099,-1.262652060713906,0.12093911612008118
-1.5598395270437893,3.3522308419220206,0.8294245706309402,3.0919450997715288,0.16801094494286345
-0.9067680811416121,0.3950180496591118,3.4105162202185646,2.6507707713717945,0.042954108089304846
0.38575871013484253,1.0784771692025688,1.8212001288005517,-0.5634590248148932,0.07212324232973744
1.8715844368917844,-4.218876787282884,3.9733107396452603,0.8550547723609183,0.21309710952084654
-1.993276564196126,-2.7835412951329563,-0.9905740278419994,1.2306619567715424,0.06810913298651895
-0.16391724311072142,3.1760160584644925,-0.19573074954220004,-3.298845230134728,0.12896837315402568
2.033741691714079,-2.7451293945131052,0.20381683719544963,-4.3990229722339205,0.20851218848006847
-4.938400501575465,-2.6161699093111723,0.8356486581867575,2.1269910839525448,0.08290622872016196
-4.800325286822435,4.809061026038917,4.774930496399643,-1.9951283428956659,0.3336099752269153
1.277129533048197,-4.143950657937207,2.6559299450720077,4.641247984950015,0.1666471050888234
-3.3099741214791045,0.6722070934281383,0.724175585089216,-4.822748425809013,0.19372825004830793
4.640907916352361,-1.4005081589674395,1.3051998678324805,-2.489056790810975,0.22314335284881145
